fiscal_year,month,month_numeric,data_from_table,total_no_of_issues,total_amount_cr,northern_no_of_issues,northern_amount_cr,eastern_no_of_issues,eastern_amount_cr,western_no_of_issues,western_amount_cr,southern_no_of_issues,southern_amount_cr,central_no_of_issues,central_amount_cr,foreign_no_of_issues,foreign_amount_cr,released_on,updated_on,data_source,data_url
2013-14,April,4,Table 4: Region-wise Distribution of Resource Mobilisation  (Equity Issues),7,379.2798944,,,1,12.192,4,94.083388,2,273.00450639999997,,,,,2025-12-10,2026-04-08,Securities and Exchange Board of India,https://www.sebi.gov.in/sebiweb/home/HomeAction.do?doListing=yes&sid=4&ssid=80&smid=105
2013-14,May,5,Table 4: Region-wise Distribution of Resource Mobilisation  (Equity Issues),2,659.780438,1,108.9342,,,1,550.846238,,,,,,,2025-12-10,2026-04-08,Securities and Exchange Board of India,https://www.sebi.gov.in/sebiweb/home/HomeAction.do?doListing=yes&sid=4&ssid=80&smid=105
2013-14,June,6,Table 4: Region-wise Distribution of Resource Mobilisation  (Equity Issues),4,943.54,2,21.6,,,1,919.14,1,2.8,,,,,2025-12-10,2026-04-08,Securities and Exchange Board of India,https://www.sebi.gov.in/sebiweb/home/HomeAction.do?doListing=yes&sid=4&ssid=80&smid=105
2013-14,July,7,Table 4: Region-wise Distribution of Resource Mobilisation  (Equity Issues),2,416.359353,,,1,416.179205,1,0.180148,,,,,,,2025-12-10,2026-04-08,Securities and Exchange Board of India,https://www.sebi.gov.in/sebiweb/home/HomeAction.do?doListing=yes&sid=4&ssid=80&smid=105
2013-14,August,8,Table 4: Region-wise Distribution of Resource Mobilisation  (Equity Issues),5,42.894,1,12.75,2,19.02,2,11.123999999999999,,,,,,,2025-12-10,2026-04-08,Securities and Exchange Board of India,https://www.sebi.gov.in/sebiweb/home/HomeAction.do?doListing=yes&sid=4&ssid=80&smid=105
2013-14,September,9,Table 4: Region-wise Distribution of Resource Mobilisation  (Equity Issues),8,1689.3459312999998,2,257.027035,,,6,1432.3188962999998,,,,,,,2025-12-10,2026-04-08,Securities and Exchange Board of India,https://www.sebi.gov.in/sebiweb/home/HomeAction.do?doListing=yes&sid=4&ssid=80&smid=105
2013-14,October,10,Table 4: Region-wise Distribution of Resource Mobilisation  (Equity Issues),6,72.87259999999999,1,13.51,1,6.32,3,27.266,,,1,25.7766,,,2025-12-10,2026-04-08,Securities and Exchange Board of India,https://www.sebi.gov.in/sebiweb/home/HomeAction.do?doListing=yes&sid=4&ssid=80&smid=105
2013-14,November,11,Table 4: Region-wise Distribution of Resource Mobilisation  (Equity Issues),4,121.78875430000001,1,9,,,2,99.9210043,1,12.86775,,,,,2025-12-10,2026-04-08,Securities and Exchange Board of India,https://www.sebi.gov.in/sebiweb/home/HomeAction.do?doListing=yes&sid=4&ssid=80&smid=105
2013-14,December,12,Table 4: Region-wise Distribution of Resource Mobilisation  (Equity Issues),3,6966.69,2,6960.75,,,1,5.94,,,,,,,2025-12-10,2026-04-08,Securities and Exchange Board of India,https://www.sebi.gov.in/sebiweb/home/HomeAction.do?doListing=yes&sid=4&ssid=80&smid=105
2013-14,January,1,Table 4: Region-wise Distribution of Resource Mobilisation  (Equity Issues),3,23.5,1,11.52,,,2,11.98,,,,,,,2025-12-10,2026-04-08,Securities and Exchange Board of India,https://www.sebi.gov.in/sebiweb/home/HomeAction.do?doListing=yes&sid=4&ssid=80&smid=105
2013-14,February,2,Table 4: Region-wise Distribution of Resource Mobilisation  (Equity Issues),5,575.161636,1,498.134,2,14.129999999999999,1,3.02,1,59.877636,,,,,2025-12-10,2026-04-08,Securities and Exchange Board of India,https://www.sebi.gov.in/sebiweb/home/HomeAction.do?doListing=yes&sid=4&ssid=80&smid=105
2013-14,March,3,Table 4: Region-wise Distribution of Resource Mobilisation  (Equity Issues),7,176.6576372,4,23.35,1,3.04,2,150.2676372,,,,,,,2025-12-10,2026-04-08,Securities and Exchange Board of India,https://www.sebi.gov.in/sebiweb/home/HomeAction.do?doListing=yes&sid=4&ssid=80&smid=105
2014-15,April,4,Table 4: Region-wise Distribution of Resource Mobilisation  (Equity Issues),4,2001.627364,,,,,3,1999.527364,1,2.1,,,,,2025-12-10,2026-04-08,Securities and Exchange Board of India,https://www.sebi.gov.in/sebiweb/home/HomeAction.do?doListing=yes&sid=4&ssid=80&smid=105
2014-15,May,5,Table 4: Region-wise Distribution of Resource Mobilisation  (Equity Issues),6,912.5290653999999,1,29.718,1,109.1141361,2,533.52288,2,240.1740493,,,,,2025-12-10,2026-04-08,Securities and Exchange Board of India,https://www.sebi.gov.in/sebiweb/home/HomeAction.do?doListing=yes&sid=4&ssid=80&smid=105
2014-15,June,6,Table 4: Region-wise Distribution of Resource Mobilisation  (Equity Issues),5,177.0097647,2,20.740000000000002,,,2,32.9162232,1,123.3535415,,,,,2025-12-10,2026-04-08,Securities and Exchange Board of India,https://www.sebi.gov.in/sebiweb/home/HomeAction.do?doListing=yes&sid=4&ssid=80&smid=105
2014-15,July,7,Table 4: Region-wise Distribution of Resource Mobilisation  (Equity Issues),2,8.05,,,,,2,8.05,,,,,,,2025-12-10,2026-04-08,Securities and Exchange Board of India,https://www.sebi.gov.in/sebiweb/home/HomeAction.do?doListing=yes&sid=4&ssid=80&smid=105
2014-15,August,8,Table 4: Region-wise Distribution of Resource Mobilisation  (Equity Issues),3,27.18,,,,,2,22.22,1,4.96,,,,,2025-12-10,2026-04-08,Securities and Exchange Board of India,https://www.sebi.gov.in/sebiweb/home/HomeAction.do?doListing=yes&sid=4&ssid=80&smid=105
2014-15,September,9,Table 4: Region-wise Distribution of Resource Mobilisation  (Equity Issues),7,2964.8680374,,,2,7.99,3,2353.1734424,2,603.704595,,,,,2025-12-10,2026-04-08,Securities and Exchange Board of India,https://www.sebi.gov.in/sebiweb/home/HomeAction.do?doListing=yes&sid=4&ssid=80&smid=105
2014-15,October,10,Table 4: Region-wise Distribution of Resource Mobilisation  (Equity Issues),11,233.2095411,1,2.95,,,10,230.2595411,,,,,,,2025-12-10,2026-04-08,Securities and Exchange Board of India,https://www.sebi.gov.in/sebiweb/home/HomeAction.do?doListing=yes&sid=4&ssid=80&smid=105
2014-15,November,11,Table 4: Region-wise Distribution of Resource Mobilisation  (Equity Issues),4,630.1339848,,,,,1,4.5,3,625.6339848,,,,,2025-12-10,2026-04-08,Securities and Exchange Board of India,https://www.sebi.gov.in/sebiweb/home/HomeAction.do?doListing=yes&sid=4&ssid=80&smid=105
2014-15,December,12,Table 4: Region-wise Distribution of Resource Mobilisation  (Equity Issues),5,389.775333,2,360.375333,2,25,1,4.4,,,,,,,2025-12-10,2026-04-08,Securities and Exchange Board of India,https://www.sebi.gov.in/sebiweb/home/HomeAction.do?doListing=yes&sid=4&ssid=80&smid=105
2014-15,January,1,Table 4: Region-wise Distribution of Resource Mobilisation  (Equity Issues),3,14.9732,3,14.9732,,,,,,,,,,,2025-12-10,2026-04-08,Securities and Exchange Board of India,https://www.sebi.gov.in/sebiweb/home/HomeAction.do?doListing=yes&sid=4&ssid=80&smid=105
2014-15,February,2,Table 4: Region-wise Distribution of Resource Mobilisation  (Equity Issues),4,1590.840241375,,,,,3,1590.379216375,,,1,0.461025,,,2025-12-10,2026-04-08,Securities and Exchange Board of India,https://www.sebi.gov.in/sebiweb/home/HomeAction.do?doListing=yes&sid=4&ssid=80&smid=105
2014-15,March,3,Table 4: Region-wise Distribution of Resource Mobilisation  (Equity Issues),7,483.84464,3,193.60000000000002,,,3,14.17,1,276.07464,,,,,2025-12-10,2026-04-08,Securities and Exchange Board of India,https://www.sebi.gov.in/sebiweb/home/HomeAction.do?doListing=yes&sid=4&ssid=80&smid=105
2015-16,April,4,Table 4: Region-wise Distribution of Resource Mobilisation  (Equity Issues),10,3943.0343191,3,1023.53,,,5,1977.5982325999998,2,941.9060865,,,,,2025-12-10,2026-04-08,Securities and Exchange Board of India,https://www.sebi.gov.in/sebiweb/home/HomeAction.do?doListing=yes&sid=4&ssid=80&smid=105
2015-16,May,5,Table 4: Region-wise Distribution of Resource Mobilisation  (Equity Issues),5,8902.9260689,2,1088.44,,,3,7814.4860689,,,,,,,2025-12-10,2026-04-08,Securities and Exchange Board of India,https://www.sebi.gov.in/sebiweb/home/HomeAction.do?doListing=yes&sid=4&ssid=80&smid=105
2015-16,June,6,Table 4: Region-wise Distribution of Resource Mobilisation  (Equity Issues),1,4.63,1,4.63,,,,,,,,,,,2025-12-10,2026-04-08,Securities and Exchange Board of India,https://www.sebi.gov.in/sebiweb/home/HomeAction.do?doListing=yes&sid=4&ssid=80&smid=105
2015-16,July,7,Table 4: Region-wise Distribution of Resource Mobilisation  (Equity Issues),11,442.51800000000003,1,5.45,1,1.56,7,432.48800000000006,2,3.02,,,,,2025-12-10,2026-04-08,Securities and Exchange Board of India,https://www.sebi.gov.in/sebiweb/home/HomeAction.do?doListing=yes&sid=4&ssid=80&smid=105
2015-16,August,8,Table 4: Region-wise Distribution of Resource Mobilisation  (Equity Issues),7,989.2359990000001,,,,,4,163.729999,3,825.5060000000001,,,,,2025-12-10,2026-04-08,Securities and Exchange Board of India,https://www.sebi.gov.in/sebiweb/home/HomeAction.do?doListing=yes&sid=4&ssid=80&smid=105
2015-16,September,9,Table 4: Region-wise Distribution of Resource Mobilisation  (Equity Issues),9,1700.277,,,1,5,7,1539.09,1,156.187,,,,,2025-12-10,2026-04-08,Securities and Exchange Board of India,https://www.sebi.gov.in/sebiweb/home/HomeAction.do?doListing=yes&sid=4&ssid=80&smid=105
2015-16,October,10,Table 4: Region-wise Distribution of Resource Mobilisation  (Equity Issues),9,42.614999999999995,1,6.24,,,7,25.034999999999997,1,11.34,,,,,2025-12-10,2026-04-08,Securities and Exchange Board of India,https://www.sebi.gov.in/sebiweb/home/HomeAction.do?doListing=yes&sid=4&ssid=80&smid=105
2015-16,November,11,Table 4: Region-wise Distribution of Resource Mobilisation  (Equity Issues),8,5574.8981475,1,3017.1,,,4,1257.471807,3,1300.3263405,,,,,2025-12-10,2026-04-08,Securities and Exchange Board of India,https://www.sebi.gov.in/sebiweb/home/HomeAction.do?doListing=yes&sid=4&ssid=80&smid=105
2015-16,December,12,Table 4: Region-wise Distribution of Resource Mobilisation  (Equity Issues),5,2049.1238274,1,631.91,,,3,1372.03,,,1,45.1838274,,,2025-12-10,2026-04-08,Securities and Exchange Board of India,https://www.sebi.gov.in/sebiweb/home/HomeAction.do?doListing=yes&sid=4&ssid=80&smid=105
2015-16,January,1,Table 4: Region-wise Distribution of Resource Mobilisation  (Equity Issues),3,626.0160000000001,1,8.676,,,,,2,617.34,,,,,2025-12-10,2026-04-08,Securities and Exchange Board of India,https://www.sebi.gov.in/sebiweb/home/HomeAction.do?doListing=yes&sid=4&ssid=80&smid=105
2015-16,February,2,Table 4: Region-wise Distribution of Resource Mobilisation  (Equity Issues),11,1473.6799985,2,20.69,,,7,1444.4099985,1,3.78,1,4.8,,,2025-12-10,2026-04-08,Securities and Exchange Board of India,https://www.sebi.gov.in/sebiweb/home/HomeAction.do?doListing=yes&sid=4&ssid=80&smid=105
2015-16,March,3,Table 4: Region-wise Distribution of Resource Mobilisation  (Equity Issues),5,682.49,,,,,4,32.849999999999994,1,649.64,,,,,2025-12-10,2026-04-08,Securities and Exchange Board of India,https://www.sebi.gov.in/sebiweb/home/HomeAction.do?doListing=yes&sid=4&ssid=80&smid=105
2016-17,April,4,Table 4: Region-wise Distribution of Resource Mobilisation  (Equity Issues),12,2934.499993,2,8.32,,,9,749.499993,1,2176.68,,,,,2025-12-10,2026-04-08,Securities and Exchange Board of India,https://www.sebi.gov.in/sebiweb/home/HomeAction.do?doListing=yes&sid=4&ssid=80&smid=105
2016-17,May,5,Table 4: Region-wise Distribution of Resource Mobilisation  (Equity Issues),9,2569.4399283000002,1,882.4957890000001,,,8,1686.9441393,,,,,,,2025-12-10,2026-04-08,Securities and Exchange Board of India,https://www.sebi.gov.in/sebiweb/home/HomeAction.do?doListing=yes&sid=4&ssid=80&smid=105
2016-17,June,6,Table 4: Region-wise Distribution of Resource Mobilisation  (Equity Issues),4,124.75507662499999,,,,,3,49.76,1,74.995076625,,,,,2025-12-10,2026-04-08,Securities and Exchange Board of India,https://www.sebi.gov.in/sebiweb/home/HomeAction.do?doListing=yes&sid=4&ssid=80&smid=105
2016-17,July,7,Table 4: Region-wise Distribution of Resource Mobilisation  (Equity Issues),9,2712.45,1,6.21,,,5,2295,2,403.58,1,7.66,,,2025-12-10,2026-04-08,Securities and Exchange Board of India,https://www.sebi.gov.in/sebiweb/home/HomeAction.do?doListing=yes&sid=4&ssid=80&smid=105
2016-17,August,8,Table 4: Region-wise Distribution of Resource Mobilisation  (Equity Issues),5,2529.0008000000003,,,,,3,1635.9008000000001,1,239.12,1,653.98,,,2025-12-10,2026-04-08,Securities and Exchange Board of India,https://www.sebi.gov.in/sebiweb/home/HomeAction.do?doListing=yes&sid=4&ssid=80&smid=105
2016-17,September,9,Table 4: Region-wise Distribution of Resource Mobilisation  (Equity Issues),14,7205.2087272,1,130.41,2,16.34,10,7054.2587272,1,4.2,,,,,2025-12-10,2026-04-08,Securities and Exchange Board of India,https://www.sebi.gov.in/sebiweb/home/HomeAction.do?doListing=yes&sid=4&ssid=80&smid=105
2016-17,October,10,Table 4: Region-wise Distribution of Resource Mobilisation  (Equity Issues),21,1697.4786052000002,4,376.39999739999996,2,14.149999999999999,14,1288.4986078000002,1,18.43,,,,,2025-12-10,2026-04-08,Securities and Exchange Board of India,https://www.sebi.gov.in/sebiweb/home/HomeAction.do?doListing=yes&sid=4&ssid=80&smid=105
2016-17,November,11,Table 4: Region-wise Distribution of Resource Mobilisation  (Equity Issues),3,4125.436,2,4112.5,,,,,,,1,12.936,,,2025-12-10,2026-04-08,Securities and Exchange Board of India,https://www.sebi.gov.in/sebiweb/home/HomeAction.do?doListing=yes&sid=4&ssid=80&smid=105
2016-17,December,12,Table 4: Region-wise Distribution of Resource Mobilisation  (Equity Issues),7,2538.929594,2,515.76,,,2,23.7131,3,1999.4564940000002,,,,,2025-12-10,2026-04-08,Securities and Exchange Board of India,https://www.sebi.gov.in/sebiweb/home/HomeAction.do?doListing=yes&sid=4&ssid=80&smid=105
2016-17,January,1,Table 4: Region-wise Distribution of Resource Mobilisation  (Equity Issues),4,50.108000000000004,,,,,4,50.108000000000004,,,,,,,2025-12-10,2026-04-08,Securities and Exchange Board of India,https://www.sebi.gov.in/sebiweb/home/HomeAction.do?doListing=yes&sid=4&ssid=80&smid=105
2016-17,February,2,Table 4: Region-wise Distribution of Resource Mobilisation  (Equity Issues),7,1398.46509285,1,4.08,1,49.7538456,4,1294.632,1,49.99924725,,,,,2025-12-10,2026-04-08,Securities and Exchange Board of India,https://www.sebi.gov.in/sebiweb/home/HomeAction.do?doListing=yes&sid=4&ssid=80&smid=105
2016-17,March,3,Table 4: Region-wise Distribution of Resource Mobilisation  (Equity Issues),23,4597.5969547,2,242.202,,,17,2582.9022084000003,3,1761.5827463,1,10.91,,,2025-12-10,2026-04-08,Securities and Exchange Board of India,https://www.sebi.gov.in/sebiweb/home/HomeAction.do?doListing=yes&sid=4&ssid=80&smid=105
2017-18,April,4,Table 4: Region-wise Distribution of Resource Mobilisation  (Equity Issues),16,721.948735,1,10.23,1,9.8,12,206.92542,2,494.99331500000005,,,,,2025-12-10,2026-04-08,Securities and Exchange Board of India,https://www.sebi.gov.in/sebiweb/home/HomeAction.do?doListing=yes&sid=4&ssid=80&smid=105
2017-18,May,5,Table 4: Region-wise Distribution of Resource Mobilisation  (Equity Issues),13,2654.7131236,4,2023.682194,,,8,594.2509296,,,1,36.78,,,2025-12-10,2026-04-08,Securities and Exchange Board of India,https://www.sebi.gov.in/sebiweb/home/HomeAction.do?doListing=yes&sid=4&ssid=80&smid=105
2017-18,June,6,Table 4: Region-wise Distribution of Resource Mobilisation  (Equity Issues),7,3087.4325323999997,,,,,5,2305.6713,1,776.6882324,1,5.073,,,2025-12-10,2026-04-08,Securities and Exchange Board of India,https://www.sebi.gov.in/sebiweb/home/HomeAction.do?doListing=yes&sid=4&ssid=80&smid=105
2017-18,July,7,Table 4: Region-wise Distribution of Resource Mobilisation  (Equity Issues),15,2637.9033174,3,57.7058112,,,11,2460.4837002,1,119.713806,,,,,2025-12-10,2026-04-08,Securities and Exchange Board of India,https://www.sebi.gov.in/sebiweb/home/HomeAction.do?doListing=yes&sid=4&ssid=80&smid=105
2017-18,August,8,Table 4: Region-wise Distribution of Resource Mobilisation  (Equity Issues),14,2550.2119060000005,1,15.128,1,779.58,7,88.9432,3,1652.892706,2,13.668,,,2025-12-10,2026-04-08,Securities and Exchange Board of India,https://www.sebi.gov.in/sebiweb/home/HomeAction.do?doListing=yes&sid=4&ssid=80&smid=105
2017-18,September,9,Table 4: Region-wise Distribution of Resource Mobilisation  (Equity Issues),18,8083.082115699999,3,616.048855,2,619.9,9,6164.9570607,2,649.73,2,32.4462,,,2025-12-10,2026-04-08,Securities and Exchange Board of India,https://www.sebi.gov.in/sebiweb/home/HomeAction.do?doListing=yes&sid=4&ssid=80&smid=105
2017-18,October,10,Table 4: Region-wise Distribution of Resource Mobilisation  (Equity Issues),36,23129.2583538,4,1061.4324849999998,,,22,21408.8262688,4,56.96000000000001,6,602.0396,,,2025-12-10,2026-04-08,Securities and Exchange Board of India,https://www.sebi.gov.in/sebiweb/home/HomeAction.do?doListing=yes&sid=4&ssid=80&smid=105
2017-18,November,11,Table 4: Region-wise Distribution of Resource Mobilisation  (Equity Issues),14,23715.031683,1,13.87,2,546.9769249999999,10,22262.574790399998,1,891.6099676,,,,,2025-12-10,2026-04-08,Securities and Exchange Board of India,https://www.sebi.gov.in/sebiweb/home/HomeAction.do?doListing=yes&sid=4&ssid=80&smid=105
2017-18,December,12,Table 4: Region-wise Distribution of Resource Mobilisation  (Equity Issues),20,2002.0843701000003,2,503.3044053,1,9.02,17,1489.7599648000005,,,,,,,2025-12-10,2026-04-08,Securities and Exchange Board of India,https://www.sebi.gov.in/sebiweb/home/HomeAction.do?doListing=yes&sid=4&ssid=80&smid=105
2017-18,January,1,Table 4: Region-wise Distribution of Resource Mobilisation  (Equity Issues),14,2140.0799346,3,1030.778,,,7,153.4904614,4,955.8114731999999,,,,,2025-12-10,2026-04-08,Securities and Exchange Board of India,https://www.sebi.gov.in/sebiweb/home/HomeAction.do?doListing=yes&sid=4&ssid=80&smid=105
2017-18,February,2,Table 4: Region-wise Distribution of Resource Mobilisation  (Equity Issues),21,2184.5640995,4,73.71919249999999,,,13,1090.8767520000001,3,999.253755,1,20.7144,,,2025-12-10,2026-04-08,Securities and Exchange Board of India,https://www.sebi.gov.in/sebiweb/home/HomeAction.do?doListing=yes&sid=4&ssid=80&smid=105
2017-18,March,3,Table 4: Region-wise Distribution of Resource Mobilisation  (Equity Issues),24,26858.64179285,7,2119.329992,2,4480.7465250000005,12,15172.636275850002,2,5065.92,1,20.009,,,2025-12-10,2026-04-08,Securities and Exchange Board of India,https://www.sebi.gov.in/sebiweb/home/HomeAction.do?doListing=yes&sid=4&ssid=80&smid=105
2018-19,April,4,Table 4: Region-wise Distribution of Resource Mobilisation  (Equity Issues),27,5977.660193,6,1625.1276208,,,15,3773.7005721999994,4,477.542,2,101.28999999999999,,,2025-12-10,2026-04-08,Securities and Exchange Board of India,https://www.sebi.gov.in/sebiweb/home/HomeAction.do?doListing=yes&sid=4&ssid=80&smid=105
2018-19,May,5,Table 4: Region-wise Distribution of Resource Mobilisation  (Equity Issues),15,2206.3221664,6,208.53938,,,8,1987.8695864,,,1,9.9132,,,2025-12-10,2026-04-08,Securities and Exchange Board of India,https://www.sebi.gov.in/sebiweb/home/HomeAction.do?doListing=yes&sid=4&ssid=80&smid=105
2018-19,June,6,Table 4: Region-wise Distribution of Resource Mobilisation  (Equity Issues),13,176.52784000000003,,,,,11,155.34224000000003,,,2,21.1856,,,2025-12-10,2026-04-08,Securities and Exchange Board of India,https://www.sebi.gov.in/sebiweb/home/HomeAction.do?doListing=yes&sid=4&ssid=80&smid=105
2018-19,July,7,Table 4: Region-wise Distribution of Resource Mobilisation  (Equity Issues),15,4736.7830856,4,1608.8887208,1,60,9,2645.6273212,1,422.2670436,,,,,2025-12-10,2026-04-08,Securities and Exchange Board of India,https://www.sebi.gov.in/sebiweb/home/HomeAction.do?doListing=yes&sid=4&ssid=80&smid=105
2018-19,August,8,Table 4: Region-wise Distribution of Resource Mobilisation  (Equity Issues),8,4432.5475774999995,2,463.44370069999997,,,5,2837.9162499999998,1,1131.1876268,,,,,2025-12-10,2026-04-08,Securities and Exchange Board of India,https://www.sebi.gov.in/sebiweb/home/HomeAction.do?doListing=yes&sid=4&ssid=80&smid=105
2018-19,September,9,Table 4: Region-wise Distribution of Resource Mobilisation  (Equity Issues),13,697.7177,3,488.472,,,9,158.17070000000004,1,51.075,,,,,2025-12-10,2026-04-08,Securities and Exchange Board of India,https://www.sebi.gov.in/sebiweb/home/HomeAction.do?doListing=yes&sid=4&ssid=80&smid=105
2018-19,October,10,Table 4: Region-wise Distribution of Resource Mobilisation  (Equity Issues),25,2332.5135963,4,17.3704,4,387.07199999999995,16,1908.0803962999998,1,19.9908,,,,,2025-12-10,2026-04-08,Securities and Exchange Board of India,https://www.sebi.gov.in/sebiweb/home/HomeAction.do?doListing=yes&sid=4&ssid=80&smid=105
2018-19,November,11,Table 4: Region-wise Distribution of Resource Mobilisation  (Equity Issues),0,0,,,,,,,,,,,,,2025-12-10,2026-04-08,Securities and Exchange Board of India,https://www.sebi.gov.in/sebiweb/home/HomeAction.do?doListing=yes&sid=4&ssid=80&smid=105
2018-19,December,12,Table 4: Region-wise Distribution of Resource Mobilisation  (Equity Issues),8,602.475718,,,1,13.32,5,515.535718,2,73.62,,,,,2025-12-10,2026-04-08,Securities and Exchange Board of India,https://www.sebi.gov.in/sebiweb/home/HomeAction.do?doListing=yes&sid=4&ssid=80&smid=105
2018-19,January,1,Table 4: Region-wise Distribution of Resource Mobilisation  (Equity Issues),4,500.07225289999997,2,449.6222529,,,2,50.449999999999996,,,,,,,2025-12-10,2026-04-08,Securities and Exchange Board of India,https://www.sebi.gov.in/sebiweb/home/HomeAction.do?doListing=yes&sid=4&ssid=80&smid=105
2018-19,February,2,Table 4: Region-wise Distribution of Resource Mobilisation  (Equity Issues),9,1754.9854500000001,3,55.47865,1,10.23,4,1666.2768,1,23,,,,,2025-12-10,2026-04-08,Securities and Exchange Board of India,https://www.sebi.gov.in/sebiweb/home/HomeAction.do?doListing=yes&sid=4&ssid=80&smid=105
2018-19,March,3,Table 4: Region-wise Distribution of Resource Mobilisation  (Equity Issues),8,304.2462736,2,5.27,1,211.04,3,54.266000000000005,1,26.4602736,1,7.21,,,2025-12-10,2026-04-08,Securities and Exchange Board of India,https://www.sebi.gov.in/sebiweb/home/HomeAction.do?doListing=yes&sid=4&ssid=80&smid=105
2019-20,April,4,Table 4: Region-wise Distribution of Resource Mobilisation  (Equity Issues),10,3168.70262,2,1822.37,1,18.49,6,1303.02044,1,24.82218,,,,,2025-12-10,2026-04-08,Securities and Exchange Board of India,https://www.sebi.gov.in/sebiweb/home/HomeAction.do?doListing=yes&sid=4&ssid=80&smid=105
2019-20,May,5,Table 4: Region-wise Distribution of Resource Mobilisation  (Equity Issues),11,50196.01242175,3,24951.473783,,,8,25244.53863875,,,,,,,2025-12-10,2026-04-08,Securities and Exchange Board of India,https://www.sebi.gov.in/sebiweb/home/HomeAction.do?doListing=yes&sid=4&ssid=80&smid=105
2019-20,June,6,Table 4: Region-wise Distribution of Resource Mobilisation  (Equity Issues),3,52.5777837,1,30.86,,,2,21.7177837,,,,,,,2025-12-10,2026-04-08,Securities and Exchange Board of India,https://www.sebi.gov.in/sebiweb/home/HomeAction.do?doListing=yes&sid=4&ssid=80&smid=105
2019-20,July,7,Table 4: Region-wise Distribution of Resource Mobilisation  (Equity Issues),9,2010.9101726,2,482.1489726,1,1485,6,43.7612,,,,,,,2025-12-10,2026-04-08,Securities and Exchange Board of India,https://www.sebi.gov.in/sebiweb/home/HomeAction.do?doListing=yes&sid=4&ssid=80&smid=105
2019-20,August,8,Table 4: Region-wise Distribution of Resource Mobilisation  (Equity Issues),8,4680.9754414,3,67.879652,,,4,3423.2463734000003,1,1189.849416,,,,,2025-12-10,2026-04-08,Securities and Exchange Board of India,https://www.sebi.gov.in/sebiweb/home/HomeAction.do?doListing=yes&sid=4&ssid=80&smid=105
2019-20,September,9,Table 4: Region-wise Distribution of Resource Mobilisation  (Equity Issues),4,20.519599999999997,,,,,4,20.519599999999997,,,,,,,2025-12-10,2026-04-08,Securities and Exchange Board of India,https://www.sebi.gov.in/sebiweb/home/HomeAction.do?doListing=yes&sid=4&ssid=80&smid=105
2019-20,October,10,Table 4: Region-wise Distribution of Resource Mobilisation  (Equity Issues),10,986.2201706000001,2,655.89,,,6,242.1568074,2,88.1733632,,,,,2025-12-10,2026-04-08,Securities and Exchange Board of India,https://www.sebi.gov.in/sebiweb/home/HomeAction.do?doListing=yes&sid=4&ssid=80&smid=105
2019-20,November,11,Table 4: Region-wise Distribution of Resource Mobilisation  (Equity Issues),2,24.213,,,,,2,24.213,,,,,,,2025-12-10,2026-04-08,Securities and Exchange Board of India,https://www.sebi.gov.in/sebiweb/home/HomeAction.do?doListing=yes&sid=4&ssid=80&smid=105
2019-20,December,12,Table 4: Region-wise Distribution of Resource Mobilisation  (Equity Issues),5,1672.7508065000002,1,745.95,,,3,517.124,1,409.6768065,,,,,2025-12-10,2026-04-08,Securities and Exchange Board of India,https://www.sebi.gov.in/sebiweb/home/HomeAction.do?doListing=yes&sid=4&ssid=80&smid=105
2019-20,January,1,Table 4: Region-wise Distribution of Resource Mobilisation  (Equity Issues),4,25.69,1,3.11,,,2,15.35,1,7.23,,,,,2025-12-10,2026-04-08,Securities and Exchange Board of India,https://www.sebi.gov.in/sebiweb/home/HomeAction.do?doListing=yes&sid=4&ssid=80&smid=105
2019-20,February,2,Table 4: Region-wise Distribution of Resource Mobilisation  (Equity Issues),6,3482.169999999999,1,4.08,,,4,3473.8499999999995,1,4.24,,,,,2025-12-10,2026-04-08,Securities and Exchange Board of India,https://www.sebi.gov.in/sebiweb/home/HomeAction.do?doListing=yes&sid=4&ssid=80&smid=105
2019-20,March,3,Table 4: Region-wise Distribution of Resource Mobilisation  (Equity Issues),7,10728.429999999998,2,10356.13,,,5,372.30000000000007,,,,,,,2025-12-10,2026-04-08,Securities and Exchange Board of India,https://www.sebi.gov.in/sebiweb/home/HomeAction.do?doListing=yes&sid=4&ssid=80&smid=105
2020-21,April,4,Table 4: Region-wise Distribution of Resource Mobilisation  (Equity Issues),3,13.92,0,0,0,0,3,13.92,0,0,0,0,,,2025-12-10,2026-04-08,Securities and Exchange Board of India,https://www.sebi.gov.in/sebiweb/home/HomeAction.do?doListing=yes&sid=4&ssid=80&smid=105
2020-21,May,5,Table 4: Region-wise Distribution of Resource Mobilisation  (Equity Issues),0,0,0,0,0,0,0,0,0,0,0,0,,,2025-12-10,2026-04-08,Securities and Exchange Board of India,https://www.sebi.gov.in/sebiweb/home/HomeAction.do?doListing=yes&sid=4&ssid=80&smid=105
2020-21,June,6,Table 4: Region-wise Distribution of Resource Mobilisation  (Equity Issues),2,53126.66,0,0,0,0,2,53126.66,0,0,0,0,,,2025-12-10,2026-04-08,Securities and Exchange Board of India,https://www.sebi.gov.in/sebiweb/home/HomeAction.do?doListing=yes&sid=4&ssid=80&smid=105
2020-21,July,7,Table 4: Region-wise Distribution of Resource Mobilisation  (Equity Issues),5,15910.569975000002,2,14.53,0,0,3,15896.039975000002,0,0,0,0,,,2025-12-10,2026-04-08,Securities and Exchange Board of India,https://www.sebi.gov.in/sebiweb/home/HomeAction.do?doListing=yes&sid=4&ssid=80&smid=105
2020-21,August,8,Table 4: Region-wise Distribution of Resource Mobilisation  (Equity Issues),9,6107.75,1,299.79,1,79.53,5,4211.37,2,1517.06,0,0,,,2025-12-10,2026-04-08,Securities and Exchange Board of India,https://www.sebi.gov.in/sebiweb/home/HomeAction.do?doListing=yes&sid=4&ssid=80&smid=105
2020-21,September,9,Table 4: Region-wise Distribution of Resource Mobilisation  (Equity Issues),5,1671.594477,2,362.689477,0,0,2,606.885,1,702.02,0,0,,,2025-12-10,2026-04-08,Securities and Exchange Board of India,https://www.sebi.gov.in/sebiweb/home/HomeAction.do?doListing=yes&sid=4&ssid=80&smid=105
2020-21,October,10,Table 4: Region-wise Distribution of Resource Mobilisation  (Equity Issues),17,6440.610000000001,1,4.5,1,349.66,13,3783.14,2,2303.31,0,0,,,2025-12-10,2026-04-08,Securities and Exchange Board of India,https://www.sebi.gov.in/sebiweb/home/HomeAction.do?doListing=yes&sid=4&ssid=80&smid=105
2020-21,November,11,Table 4: Region-wise Distribution of Resource Mobilisation  (Equity Issues),4,7070.04,0,0,0,0,1,1.59,3,7068.45,0,0,,,2025-12-10,2026-04-08,Securities and Exchange Board of India,https://www.sebi.gov.in/sebiweb/home/HomeAction.do?doListing=yes&sid=4&ssid=80&smid=105
2020-21,December,12,Table 4: Region-wise Distribution of Resource Mobilisation  (Equity Issues),4,1652.3999999999999,1,540.54,0,0,3,1111.86,0,0,0,0,,,2025-12-10,2026-04-08,Securities and Exchange Board of India,https://www.sebi.gov.in/sebiweb/home/HomeAction.do?doListing=yes&sid=4&ssid=80&smid=105
2020-21,January,1,Table 4: Region-wise Distribution of Resource Mobilisation  (Equity Issues),3,5014.62,1,4633.38,0,0,1,299.99,1,81.25,0,0,,,2025-12-10,2026-04-08,Securities and Exchange Board of India,https://www.sebi.gov.in/sebiweb/home/HomeAction.do?doListing=yes&sid=4&ssid=80&smid=105
2020-21,February,2,Table 4: Region-wise Distribution of Resource Mobilisation  (Equity Issues),8,6686.5599999999995,1,819.24,0,0,5,5451.45,1,412.63,1,3.24,,,2025-12-10,2026-04-08,Securities and Exchange Board of India,https://www.sebi.gov.in/sebiweb/home/HomeAction.do?doListing=yes&sid=4&ssid=80&smid=105
2020-21,March,3,Table 4: Region-wise Distribution of Resource Mobilisation  (Equity Issues),18,6423.595560399999,3,56.71,1,45.14,10,3216.6354899,3,2595.1100705,1,510,,,2025-12-10,2026-04-08,Securities and Exchange Board of India,https://www.sebi.gov.in/sebiweb/home/HomeAction.do?doListing=yes&sid=4&ssid=80&smid=105
2021-22,April,4,Table 4: Region-wise Distribution of Resource Mobilisation  (Equity Issues),10,3288.220776,2,28.096799999999998,0,0,3,2703.8539760000003,4,537.6700000000001,1,18.6,0,0,2025-12-10,2026-04-08,Securities and Exchange Board of India,https://www.sebi.gov.in/sebiweb/home/HomeAction.do?doListing=yes&sid=4&ssid=80&smid=105
2021-22,May,5,Table 4: Region-wise Distribution of Resource Mobilisation  (Equity Issues),2,26.12,1,25,0,0,0,0,1,1.12,0,0,0,0,2025-12-10,2026-04-08,Securities and Exchange Board of India,https://www.sebi.gov.in/sebiweb/home/HomeAction.do?doListing=yes&sid=4&ssid=80&smid=105
2021-22,June,6,Table 4: Region-wise Distribution of Resource Mobilisation  (Equity Issues),10,9549.91565703,2,5599.09866663,1,908.55,3,19.3,4,3022.9669904,0,0,0,0,2025-12-10,2026-04-08,Securities and Exchange Board of India,https://www.sebi.gov.in/sebiweb/home/HomeAction.do?doListing=yes&sid=4&ssid=80&smid=105
2021-22,July,7,Table 4: Region-wise Distribution of Resource Mobilisation  (Equity Issues),10,13252.373738094999,3,10224.122358094999,0,0,7,3028.25138,0,0,0,0,0,0,2025-12-10,2026-04-08,Securities and Exchange Board of India,https://www.sebi.gov.in/sebiweb/home/HomeAction.do?doListing=yes&sid=4&ssid=80&smid=105
2021-22,August,8,Table 4: Region-wise Distribution of Resource Mobilisation  (Equity Issues),15,20546.14998,3,2244.0299999999997,0,0,9,11642.56998,3,6659.55,0,0,0,0,2025-12-10,2026-04-08,Securities and Exchange Board of India,https://www.sebi.gov.in/sebiweb/home/HomeAction.do?doListing=yes&sid=4&ssid=80&smid=105
2021-22,September,9,Table 4: Region-wise Distribution of Resource Mobilisation  (Equity Issues),12,3967.92,2,28.98,0,0,7,748.07,3,3190.87,0,0,0,0,2025-12-10,2026-04-08,Securities and Exchange Board of India,https://www.sebi.gov.in/sebiweb/home/HomeAction.do?doListing=yes&sid=4&ssid=80&smid=105
2021-22,October,10,Table 4: Region-wise Distribution of Resource Mobilisation  (Equity Issues),18,3833.48264,3,11.592,3,429.51120000000003,10,3272.7754400000003,1,99.99,1,19.614,0,0,2025-12-10,2026-04-08,Securities and Exchange Board of India,https://www.sebi.gov.in/sebiweb/home/HomeAction.do?doListing=yes&sid=4&ssid=80&smid=105
2021-22,November,11,Table 4: Region-wise Distribution of Resource Mobilisation  (Equity Issues),17,57360.09791700001,3,44997.099917,1,1023.47,7,8732.91,6,2606.618,0,0,0,0,2025-12-10,2026-04-08,Securities and Exchange Board of India,https://www.sebi.gov.in/sebiweb/home/HomeAction.do?doListing=yes&sid=4&ssid=80&smid=105
2021-22,December,12,Table 4: Region-wise Distribution of Resource Mobilisation  (Equity Issues),30,18258.216425860002,9,2488.19240196,3,798.7412789,14,6366.082745,4,8605.2,0,0,0,0,2025-12-10,2026-04-08,Securities and Exchange Board of India,https://www.sebi.gov.in/sebiweb/home/HomeAction.do?doListing=yes&sid=4&ssid=80&smid=105
2021-22,January,1,Table 4: Region-wise Distribution of Resource Mobilisation  (Equity Issues),11,814.08781456,3,62.77147856,1,2.26,3,696.96,4,52.09633600000001,0,0,0,0,2025-12-10,2026-04-08,Securities and Exchange Board of India,https://www.sebi.gov.in/sebiweb/home/HomeAction.do?doListing=yes&sid=4&ssid=80&smid=105
2021-22,February,2,Table 4: Region-wise Distribution of Resource Mobilisation  (Equity Issues),13,6943.83,2,57.480000000000004,1,3149.19,8,3711.2299999999996,2,25.93,0,0,0,0,2025-12-10,2026-04-08,Securities and Exchange Board of India,https://www.sebi.gov.in/sebiweb/home/HomeAction.do?doListing=yes&sid=4&ssid=80&smid=105
2021-22,March,3,Table 4: Region-wise Distribution of Resource Mobilisation  (Equity Issues),16,1053.8228156,1,22.69,3,85.86120600000001,11,942.3916095999999,1,2.88,0,0,0,0,2025-12-10,2026-04-08,Securities and Exchange Board of India,https://www.sebi.gov.in/sebiweb/home/HomeAction.do?doListing=yes&sid=4&ssid=80&smid=105
2022-23,April,4,Table 4: Region-wise Distribution of Resource Mobilisation  (Equity Issues),15,4957.419999999999,3,136.78,1,60,7,4408.03,2,211.49,2,141.12,0,0,2025-12-10,2026-04-08,Securities and Exchange Board of India,https://www.sebi.gov.in/sebiweb/home/HomeAction.do?doListing=yes&sid=4&ssid=80&smid=105
2022-23,May,5,Table 4: Region-wise Distribution of Resource Mobilisation  (Equity Issues),19,32319.1277806,3,7036.86,1,1501.73,11,22060.5364606,3,139.15132,1,1580.85,0,0,2025-12-10,2026-04-08,Securities and Exchange Board of India,https://www.sebi.gov.in/sebiweb/home/HomeAction.do?doListing=yes&sid=4&ssid=80&smid=105
2022-23,June,6,Table 4: Region-wise Distribution of Resource Mobilisation  (Equity Issues),12,1468.84,0,0,2,16.21,8,1029.6499999999999,2,422.98,0,0,0,0,2025-12-10,2026-04-08,Securities and Exchange Board of India,https://www.sebi.gov.in/sebiweb/home/HomeAction.do?doListing=yes&sid=4&ssid=80&smid=105
2022-23,July,7,Table 4: Region-wise Distribution of Resource Mobilisation  (Equity Issues),14,280.75743700000004,1,4.5,1,1.9,9,210.17625,2,57.991187,1,6.19,0,0,2025-12-10,2026-04-08,Securities and Exchange Board of India,https://www.sebi.gov.in/sebiweb/home/HomeAction.do?doListing=yes&sid=4&ssid=80&smid=105
2022-23,August,8,Table 4: Region-wise Distribution of Resource Mobilisation  (Equity Issues),8,945.05,2,25.74,0,0,5,914.06,1,5.25,0,0,0,0,2025-12-10,2026-04-08,Securities and Exchange Board of India,https://www.sebi.gov.in/sebiweb/home/HomeAction.do?doListing=yes&sid=4&ssid=80&smid=105
2022-23,September,9,Table 4: Region-wise Distribution of Resource Mobilisation  (Equity Issues),30,2712.034,5,636.69,2,41.654,19,1173.73,4,859.96,0,0,0,0,2025-12-10,2026-04-08,Securities and Exchange Board of India,https://www.sebi.gov.in/sebiweb/home/HomeAction.do?doListing=yes&sid=4&ssid=80&smid=105
2022-23,October,10,Table 4: Region-wise Distribution of Resource Mobilisation  (Equity Issues),25,1418.8554251,4,126.44999999999999,1,26.02,14,369.77492509999996,4,881.9005,2,14.71,0,0,2025-12-10,2026-04-08,Securities and Exchange Board of India,https://www.sebi.gov.in/sebiweb/home/HomeAction.do?doListing=yes&sid=4&ssid=80&smid=105
2022-23,November,11,Table 4: Region-wise Distribution of Resource Mobilisation  (Equity Issues),19,11729.039999999999,4,4903.17,0,0,11,3605.95,4,3219.92,0,0,0,0,2025-12-10,2026-04-08,Securities and Exchange Board of India,https://www.sebi.gov.in/sebiweb/home/HomeAction.do?doListing=yes&sid=4&ssid=80&smid=105
2022-23,December,12,Table 4: Region-wise Distribution of Resource Mobilisation  (Equity Issues),21,5235.1768848,3,933.7458008000001,2,485.2,12,2248.3050839999996,2,1533.97,2,33.956,0,0,2025-12-10,2026-04-08,Securities and Exchange Board of India,https://www.sebi.gov.in/sebiweb/home/HomeAction.do?doListing=yes&sid=4&ssid=80&smid=105
2022-23,January,1,Table 4: Region-wise Distribution of Resource Mobilisation  (Equity Issues),21,1121.8249,4,116.061,1,29.592,12,401.98,4,574.1919,0,0,0,0,2025-12-10,2026-04-08,Securities and Exchange Board of India,https://www.sebi.gov.in/sebiweb/home/HomeAction.do?doListing=yes&sid=4&ssid=80&smid=105
2022-23,February,2,Table 4: Region-wise Distribution of Resource Mobilisation  (Equity Issues),17,570.019,5,199.4,1,13.01,6,158.03,4,186.619,1,12.96,0,0,2025-12-10,2026-04-08,Securities and Exchange Board of India,https://www.sebi.gov.in/sebiweb/home/HomeAction.do?doListing=yes&sid=4&ssid=80&smid=105
2022-23,March,3,Table 4: Region-wise Distribution of Resource Mobilisation  (Equity Issues),37,3065.07,5,185.14,2,14.780000000000001,24,2726.68,4,74.17,2,64.3,0,0,2025-12-10,2026-04-08,Securities and Exchange Board of India,https://www.sebi.gov.in/sebiweb/home/HomeAction.do?doListing=yes&sid=4&ssid=80&smid=105
2023-24,April,4,Table 4: Region-wise Distribution of Resource Mobilisation  (Equity Issues),14,1981.2977965999999,2,32.5632,0,0,9,996.6228012,3,952.1117953999999,0,0,0,0,2025-12-10,2026-04-08,Securities and Exchange Board of India,https://www.sebi.gov.in/sebiweb/home/HomeAction.do?doListing=yes&sid=4&ssid=80&smid=105
2023-24,May,5,Table 4: Region-wise Distribution of Resource Mobilisation  (Equity Issues),14,7273.549469999998,5,6901.371569999998,1,27.0691,4,245.0108,4,100.098,0,0,0,0,2025-12-10,2026-04-08,Securities and Exchange Board of India,https://www.sebi.gov.in/sebiweb/home/HomeAction.do?doListing=yes&sid=4&ssid=80&smid=105
2023-24,June,6,Table 4: Region-wise Distribution of Resource Mobilisation  (Equity Issues),25,1484.4890367,6,856.5683200000001,1,57.2108,16,508.3699167,2,62.34,0,0,0,0,2025-12-10,2026-04-08,Securities and Exchange Board of India,https://www.sebi.gov.in/sebiweb/home/HomeAction.do?doListing=yes&sid=4&ssid=80&smid=105
2023-24,July,7,Table 4: Region-wise Distribution of Resource Mobilisation  (Equity Issues),28,4386.9669478000005,10,2699.622842,1,26.94,13,952.2227426000001,4,708.1813632,0,0,0,0,2025-12-10,2026-04-08,Securities and Exchange Board of India,https://www.sebi.gov.in/sebiweb/home/HomeAction.do?doListing=yes&sid=4&ssid=80&smid=105
2023-24,August,8,Table 4: Region-wise Distribution of Resource Mobilisation  (Equity Issues),31,6466.673576799999,5,799.5594449999999,0,0,21,4629.664131799999,5,1037.45,0,0,0,0,2025-12-10,2026-04-08,Securities and Exchange Board of India,https://www.sebi.gov.in/sebiweb/home/HomeAction.do?doListing=yes&sid=4&ssid=80&smid=105
2023-24,September,9,Table 4: Region-wise Distribution of Resource Mobilisation  (Equity Issues),35,9564.910000000002,3,2421.35,1,17.07,26,5054.3600000000015,5,2072.13,0,0,0,0,2025-12-10,2026-04-08,Securities and Exchange Board of India,https://www.sebi.gov.in/sebiweb/home/HomeAction.do?doListing=yes&sid=4&ssid=80&smid=105
2023-24,October,10,Table 4: Region-wise Distribution of Resource Mobilisation  (Equity Issues),34,5287.919999999999,7,215.03,1,25.07,19,3920.099999999999,7,1127.72,0,0,0,0,2025-12-10,2026-04-08,Securities and Exchange Board of India,https://www.sebi.gov.in/sebiweb/home/HomeAction.do?doListing=yes&sid=4&ssid=80&smid=105
2023-24,November,11,Table 4: Region-wise Distribution of Resource Mobilisation  (Equity Issues),30,13543.224107,10,4873.580000000001,1,32.88,13,8012.124107,4,584.68,2,39.96,0,0,2025-12-10,2026-04-08,Securities and Exchange Board of India,https://www.sebi.gov.in/sebiweb/home/HomeAction.do?doListing=yes&sid=4&ssid=80&smid=105
2023-24,December,12,Table 4: Region-wise Distribution of Resource Mobilisation  (Equity Issues),33,9571.779999999999,4,2278.03,1,34.8,23,6397.98,5,860.97,0,0,0,0,2025-12-10,2026-04-08,Securities and Exchange Board of India,https://www.sebi.gov.in/sebiweb/home/HomeAction.do?doListing=yes&sid=4&ssid=80&smid=105
2023-24,January,1,Table 4: Region-wise Distribution of Resource Mobilisation  (Equity Issues),25,3612.2481,6,185.69,1,9.6,12,1339.419,5,1437.4891,1,640.05,0,0,2025-12-10,2026-04-08,Securities and Exchange Board of India,https://www.sebi.gov.in/sebiweb/home/HomeAction.do?doListing=yes&sid=4&ssid=80&smid=105
2023-24,February,2,Table 4: Region-wise Distribution of Resource Mobilisation  (Equity Issues),35,15642.6889287,8,10559.9639822,4,1698.2738074,19,3213.6685791,1,47.19792,3,123.58464000000001,0,0,2025-12-10,2026-04-08,Securities and Exchange Board of India,https://www.sebi.gov.in/sebiweb/home/HomeAction.do?doListing=yes&sid=4&ssid=80&smid=105
2023-24,March,3,Table 4: Region-wise Distribution of Resource Mobilisation  (Equity Issues),36,4276.7682764,6,582.2642400000001,4,377.5043923,20,1924.1030041,5,1350.204,1,42.69264,0,0,2025-12-10,2026-04-08,Securities and Exchange Board of India,https://www.sebi.gov.in/sebiweb/home/HomeAction.do?doListing=yes&sid=4&ssid=80&smid=105
2024-25,April,4,Table 4: Region-wise Distribution of Resource Mobilisation  (Equity Issues),35,25370.566831899996,10,4644.948885000001,0,0,22,19527.236426899995,3,1198.3815200000001,0,0,,,2025-12-10,2026-04-08,Securities and Exchange Board of India,https://www.sebi.gov.in/sebiweb/home/HomeAction.do?doListing=yes&sid=4&ssid=80&smid=105
2024-25,May,5,Table 4: Region-wise Distribution of Resource Mobilisation  (Equity Issues),39,12338.4028273,6,2234.4149838000003,3,426.588,23,4608.0137235,6,5026.224999999999,1,43.16112,,,2025-12-10,2026-04-08,Securities and Exchange Board of India,https://www.sebi.gov.in/sebiweb/home/HomeAction.do?doListing=yes&sid=4&ssid=80&smid=105
2024-25,June,6,Table 4: Region-wise Distribution of Resource Mobilisation  (Equity Issues),38,3571.1980000000003,7,1299.5532,3,87.91,25,1581.0903999999998,2,571.85,1,30.7944,,,2025-12-10,2026-04-08,Securities and Exchange Board of India,https://www.sebi.gov.in/sebiweb/home/HomeAction.do?doListing=yes&sid=4&ssid=80&smid=105
2024-25,July,7,Table 4: Region-wise Distribution of Resource Mobilisation  (Equity Issues),42,9001.100853099999,12,1603.3992968,4,199.82196,19,4648.360167999999,4,2296.33,3,253.1894283,,,2025-12-10,2026-04-08,Securities and Exchange Board of India,https://www.sebi.gov.in/sebiweb/home/HomeAction.do?doListing=yes&sid=4&ssid=80&smid=105
2024-25,August,8,Table 4: Region-wise Distribution of Resource Mobilisation  (Equity Issues),43,18815.442833906,12,4205.473763065999,4,3079.2996358,20,5101.52489654,7,6429.1445385,0,0,,,2025-12-10,2026-04-08,Securities and Exchange Board of India,https://www.sebi.gov.in/sebiweb/home/HomeAction.do?doListing=yes&sid=4&ssid=80&smid=105
2024-25,September,9,Table 4: Region-wise Distribution of Resource Mobilisation  (Equity Issues),58,16883.4016,12,1145.6599999999999,8,1936.9568,24,9076.484800000002,12,4408.509999999999,2,315.78999999999996,,,2025-12-10,2026-04-08,Securities and Exchange Board of India,https://www.sebi.gov.in/sebiweb/home/HomeAction.do?doListing=yes&sid=4&ssid=80&smid=105
2024-25,October,10,Table 4: Region-wise Distribution of Resource Mobilisation  (Equity Issues),47,35653.23862904,11,1057.94054165,1,22.47168,30,5965.2386873899995,5,28607.58772,0,0,,,2025-12-10,2026-04-08,Securities and Exchange Board of India,https://www.sebi.gov.in/sebiweb/home/HomeAction.do?doListing=yes&sid=4&ssid=80&smid=105
2024-25,November,11,Table 4: Region-wise Distribution of Resource Mobilisation  (Equity Issues),18,36265.5032,5,15779.64,1,42.22,8,5695.8132,4,14747.83,0,0,,,2025-12-10,2026-04-08,Securities and Exchange Board of India,https://www.sebi.gov.in/sebiweb/home/HomeAction.do?doListing=yes&sid=4&ssid=80&smid=105
2024-25,December,12,Table 4: Region-wise Distribution of Resource Mobilisation  (Equity Issues),48,31118.61736622,8,8744.365994900001,4,1238.5163187599999,26,17235.5071868,9,3861.6878657600005,1,38.54,,,2025-12-10,2026-04-08,Securities and Exchange Board of India,https://www.sebi.gov.in/sebiweb/home/HomeAction.do?doListing=yes&sid=4&ssid=80&smid=105
2024-25,January,1,Table 4: Region-wise Distribution of Resource Mobilisation  (Equity Issues),44,3620.4900444,14,890.0392128,3,234.11,22,1702.9024700999998,4,708.2283615,1,85.21,,,2025-12-10,2026-04-08,Securities and Exchange Board of India,https://www.sebi.gov.in/sebiweb/home/HomeAction.do?doListing=yes&sid=4&ssid=80&smid=105
2024-25,February,2,Table 4: Region-wise Distribution of Resource Mobilisation  (Equity Issues),31,15513.1075465,4,295.39,2,41.92,18,10468.1677525,5,4674.329794,2,33.300000000000004,,,2025-12-10,2026-04-08,Securities and Exchange Board of India,https://www.sebi.gov.in/sebiweb/home/HomeAction.do?doListing=yes&sid=4&ssid=80&smid=105
2024-25,March,3,Table 4: Region-wise Distribution of Resource Mobilisation  (Equity Issues),21,2038.78752778,3,76.16100399999999,2,112.91736,11,1124.90574578,4,674.697418,1,50.105999999999995,,,2025-12-10,2026-04-08,Securities and Exchange Board of India,https://www.sebi.gov.in/sebiweb/home/HomeAction.do?doListing=yes&sid=4&ssid=80&smid=105
