fiscal_year,year,month,month_numeric,data_from_table,released_on,updated_on,data_source,data_url,period_date,total_value_pns_equity_debt_including_derivatives_crore,total_value_pns_equity_debt_excluding_derivatives_crore,assets_under_custody_fpis_deemed_fpis_crore,pns_including_derivatives_pct_of_assets_under_custody,pns_excluding_derivatives_pct_of_assets_under_custody
2013-14,2013,April,4,Table 55: Notional Value of Offshore Derivative Instruments vs Assets Under Custody of Foreign Porfolio Investors/Deemed FPIs (Amount in ₹   crore),2025-12-10,2026-04-08,Securities and Exchange Board of India,https://www.sebi.gov.in/sebiweb/home/HomeAction.do?doListing=yes&sid=4&ssid=80&smid=105,2013-04-01,157578,111486,1391619,11.3,8
2013-14,2013,May,5,Table 55: Notional Value of Offshore Derivative Instruments vs Assets Under Custody of Foreign Porfolio Investors/Deemed FPIs (Amount in ₹   crore),2025-12-10,2026-04-08,Securities and Exchange Board of India,https://www.sebi.gov.in/sebiweb/home/HomeAction.do?doListing=yes&sid=4&ssid=80&smid=105,2013-05-01,168263,110904,1438980,11.7,7.7
2013-14,2013,June,6,Table 55: Notional Value of Offshore Derivative Instruments vs Assets Under Custody of Foreign Porfolio Investors/Deemed FPIs (Amount in ₹   crore),2025-12-10,2026-04-08,Securities and Exchange Board of India,https://www.sebi.gov.in/sebiweb/home/HomeAction.do?doListing=yes&sid=4&ssid=80&smid=105,2013-06-01,147498,99763,1349184,10.9,7.4
2013-14,2013,July,7,Table 55: Notional Value of Offshore Derivative Instruments vs Assets Under Custody of Foreign Porfolio Investors/Deemed FPIs (Amount in ₹   crore),2025-12-10,2026-04-08,Securities and Exchange Board of India,https://www.sebi.gov.in/sebiweb/home/HomeAction.do?doListing=yes&sid=4&ssid=80&smid=105,2013-07-01,148118,94814,1293687,11.5,7.3
2013-14,2013,August,8,Table 55: Notional Value of Offshore Derivative Instruments vs Assets Under Custody of Foreign Porfolio Investors/Deemed FPIs (Amount in ₹   crore),2025-12-10,2026-04-08,Securities and Exchange Board of India,https://www.sebi.gov.in/sebiweb/home/HomeAction.do?doListing=yes&sid=4&ssid=80&smid=105,2013-08-01,164817,102224,1242154,13.3,8.2
2013-14,2013,September,9,Table 55: Notional Value of Offshore Derivative Instruments vs Assets Under Custody of Foreign Porfolio Investors/Deemed FPIs (Amount in ₹   crore),2025-12-10,2026-04-08,Securities and Exchange Board of India,https://www.sebi.gov.in/sebiweb/home/HomeAction.do?doListing=yes&sid=4&ssid=80&smid=105,2013-09-01,171154,106527,1310194,13.1,8.1
2013-14,2013,October,10,Table 55: Notional Value of Offshore Derivative Instruments vs Assets Under Custody of Foreign Porfolio Investors/Deemed FPIs (Amount in ₹   crore),2025-12-10,2026-04-08,Securities and Exchange Board of India,https://www.sebi.gov.in/sebiweb/home/HomeAction.do?doListing=yes&sid=4&ssid=80&smid=105,2013-10-01,183862,111847,1416560,13,7.9
2013-14,2013,November,11,Table 55: Notional Value of Offshore Derivative Instruments vs Assets Under Custody of Foreign Porfolio Investors/Deemed FPIs (Amount in ₹   crore),2025-12-10,2026-04-08,Securities and Exchange Board of India,https://www.sebi.gov.in/sebiweb/home/HomeAction.do?doListing=yes&sid=4&ssid=80&smid=105,2013-11-01,183237,111567,1406462,13,7.9
2013-14,2013,December,12,Table 55: Notional Value of Offshore Derivative Instruments vs Assets Under Custody of Foreign Porfolio Investors/Deemed FPIs (Amount in ₹   crore),2025-12-10,2026-04-08,Securities and Exchange Board of India,https://www.sebi.gov.in/sebiweb/home/HomeAction.do?doListing=yes&sid=4&ssid=80&smid=105,2013-12-01,167566,115181,1464355,11.4,7.9
2013-14,2014,January,1,Table 55: Notional Value of Offshore Derivative Instruments vs Assets Under Custody of Foreign Porfolio Investors/Deemed FPIs (Amount in ₹   crore),2025-12-10,2026-04-08,Securities and Exchange Board of India,https://www.sebi.gov.in/sebiweb/home/HomeAction.do?doListing=yes&sid=4&ssid=80&smid=105,2014-01-01,163348,111646,1426875,11.5,7.8
2013-14,2014,February,2,Table 55: Notional Value of Offshore Derivative Instruments vs Assets Under Custody of Foreign Porfolio Investors/Deemed FPIs (Amount in ₹   crore),2025-12-10,2026-04-08,Securities and Exchange Board of India,https://www.sebi.gov.in/sebiweb/home/HomeAction.do?doListing=yes&sid=4&ssid=80&smid=105,2014-02-01,172738,113600,1473802,11.7,7.7
2013-14,2014,March,3,Table 55: Notional Value of Offshore Derivative Instruments vs Assets Under Custody of Foreign Porfolio Investors/Deemed FPIs (Amount in ₹   crore),2025-12-10,2026-04-08,Securities and Exchange Board of India,https://www.sebi.gov.in/sebiweb/home/HomeAction.do?doListing=yes&sid=4&ssid=80&smid=105,2014-03-01,207639,135821,1593869,13,8.5
2014-15,2014,April,4,Table 55: Notional Value of Offshore Derivative Instruments vs Assets Under Custody of Foreign Porfolio Investors/Deemed FPIs (Amount in ₹   crore),2025-12-10,2026-04-08,Securities and Exchange Board of India,https://www.sebi.gov.in/sebiweb/home/HomeAction.do?doListing=yes&sid=4&ssid=80&smid=105,2014-04-01,187486,127627,1606596,11.7,7.9
2014-15,2014,May,5,Table 55: Notional Value of Offshore Derivative Instruments vs Assets Under Custody of Foreign Porfolio Investors/Deemed FPIs (Amount in ₹   crore),2025-12-10,2026-04-08,Securities and Exchange Board of India,https://www.sebi.gov.in/sebiweb/home/HomeAction.do?doListing=yes&sid=4&ssid=80&smid=105,2014-05-01,211740,145258,1770781,12,8.2
2014-15,2014,June,6,Table 55: Notional Value of Offshore Derivative Instruments vs Assets Under Custody of Foreign Porfolio Investors/Deemed FPIs (Amount in ₹   crore),2025-12-10,2026-04-08,Securities and Exchange Board of India,https://www.sebi.gov.in/sebiweb/home/HomeAction.do?doListing=yes&sid=4&ssid=80&smid=105,2014-06-01,224248,158532,1909400,11.7,8.3
2014-15,2014,July,7,Table 55: Notional Value of Offshore Derivative Instruments vs Assets Under Custody of Foreign Porfolio Investors/Deemed FPIs (Amount in ₹   crore),2025-12-10,2026-04-08,Securities and Exchange Board of India,https://www.sebi.gov.in/sebiweb/home/HomeAction.do?doListing=yes&sid=4&ssid=80&smid=105,2014-07-01,208284,158303,1971822,10.6,8
2014-15,2014,August,8,Table 55: Notional Value of Offshore Derivative Instruments vs Assets Under Custody of Foreign Porfolio Investors/Deemed FPIs (Amount in ₹   crore),2025-12-10,2026-04-08,Securities and Exchange Board of India,https://www.sebi.gov.in/sebiweb/home/HomeAction.do?doListing=yes&sid=4&ssid=80&smid=105,2014-08-01,211499,161682,2047175,10.3,7.9
2014-15,2014,September,9,Table 55: Notional Value of Offshore Derivative Instruments vs Assets Under Custody of Foreign Porfolio Investors/Deemed FPIs (Amount in ₹   crore),2025-12-10,2026-04-08,Securities and Exchange Board of India,https://www.sebi.gov.in/sebiweb/home/HomeAction.do?doListing=yes&sid=4&ssid=80&smid=105,2014-09-01,222394,168322,2084161,10.7,8.1
2014-15,2014,October,10,Table 55: Notional Value of Offshore Derivative Instruments vs Assets Under Custody of Foreign Porfolio Investors/Deemed FPIs (Amount in ₹   crore),2025-12-10,2026-04-08,Securities and Exchange Board of India,https://www.sebi.gov.in/sebiweb/home/HomeAction.do?doListing=yes&sid=4&ssid=80&smid=105,2014-10-01,265675,186496,2171276,12.2,8.6
2014-15,2014,November,11,Table 55: Notional Value of Offshore Derivative Instruments vs Assets Under Custody of Foreign Porfolio Investors/Deemed FPIs (Amount in ₹   crore),2025-12-10,2026-04-08,Securities and Exchange Board of India,https://www.sebi.gov.in/sebiweb/home/HomeAction.do?doListing=yes&sid=4&ssid=80&smid=105,2014-11-01,249210,187039,2267910,11,8.2
2014-15,2014,December,12,Table 55: Notional Value of Offshore Derivative Instruments vs Assets Under Custody of Foreign Porfolio Investors/Deemed FPIs (Amount in ₹   crore),2025-12-10,2026-04-08,Securities and Exchange Board of India,https://www.sebi.gov.in/sebiweb/home/HomeAction.do?doListing=yes&sid=4&ssid=80&smid=105,2014-12-01,236677,190595,2245157,10.5,8.5
2014-15,2015,January,1,Table 55: Notional Value of Offshore Derivative Instruments vs Assets Under Custody of Foreign Porfolio Investors/Deemed FPIs (Amount in ₹   crore),2025-12-10,2026-04-08,Securities and Exchange Board of India,https://www.sebi.gov.in/sebiweb/home/HomeAction.do?doListing=yes&sid=4&ssid=80&smid=105,2015-01-01,268033,208783,2402441,11.2,8.7
2014-15,2015,February,2,Table 55: Notional Value of Offshore Derivative Instruments vs Assets Under Custody of Foreign Porfolio Investors/Deemed FPIs (Amount in ₹   crore),2025-12-10,2026-04-08,Securities and Exchange Board of India,https://www.sebi.gov.in/sebiweb/home/HomeAction.do?doListing=yes&sid=4&ssid=80&smid=105,2015-02-01,271752,208447,2456321,11.1,8.5
2014-15,2015,March,3,Table 55: Notional Value of Offshore Derivative Instruments vs Assets Under Custody of Foreign Porfolio Investors/Deemed FPIs (Amount in ₹   crore),2025-12-10,2026-04-08,Securities and Exchange Board of India,https://www.sebi.gov.in/sebiweb/home/HomeAction.do?doListing=yes&sid=4&ssid=80&smid=105,2015-03-01,272078,211605,2411810,11.3,8.8
2015-16,2015,April,4,Table 55: Notional Value of Offshore Derivative Instruments vs Assets Under Custody of Foreign Porfolio Investors/Deemed FPIs (Amount in ₹   crore),2025-12-10,2026-04-08,Securities and Exchange Board of India,https://www.sebi.gov.in/sebiweb/home/HomeAction.do?doListing=yes&sid=4&ssid=80&smid=105,2015-04-01,268168,206374,2355308,11.4,8.8
2015-16,2015,May,5,Table 55: Notional Value of Offshore Derivative Instruments vs Assets Under Custody of Foreign Porfolio Investors/Deemed FPIs (Amount in ₹   crore),2025-12-10,2026-04-08,Securities and Exchange Board of India,https://www.sebi.gov.in/sebiweb/home/HomeAction.do?doListing=yes&sid=4&ssid=80&smid=105,2015-05-01,284826,213163,2413049,11.8,8.8
2015-16,2015,June,6,Table 55: Notional Value of Offshore Derivative Instruments vs Assets Under Custody of Foreign Porfolio Investors/Deemed FPIs (Amount in ₹   crore),2025-12-10,2026-04-08,Securities and Exchange Board of India,https://www.sebi.gov.in/sebiweb/home/HomeAction.do?doListing=yes&sid=4&ssid=80&smid=105,2015-06-01,275436,208578,2386457,11.5,8.7
2015-16,2015,July,7,Table 55: Notional Value of Offshore Derivative Instruments vs Assets Under Custody of Foreign Porfolio Investors/Deemed FPIs (Amount in ₹   crore),2025-12-10,2026-04-08,Securities and Exchange Board of India,https://www.sebi.gov.in/sebiweb/home/HomeAction.do?doListing=yes&sid=4&ssid=80&smid=105,2015-07-01,272053,205444,2453014,11.1,8.4
2015-16,2015,August,8,Table 55: Notional Value of Offshore Derivative Instruments vs Assets Under Custody of Foreign Porfolio Investors/Deemed FPIs (Amount in ₹   crore),2025-12-10,2026-04-08,Securities and Exchange Board of India,https://www.sebi.gov.in/sebiweb/home/HomeAction.do?doListing=yes&sid=4&ssid=80&smid=105,2015-08-01,253310,188027,2313548,10.9,8.1
2015-16,2015,September,9,Table 55: Notional Value of Offshore Derivative Instruments vs Assets Under Custody of Foreign Porfolio Investors/Deemed FPIs (Amount in ₹   crore),2025-12-10,2026-04-08,Securities and Exchange Board of India,https://www.sebi.gov.in/sebiweb/home/HomeAction.do?doListing=yes&sid=4&ssid=80&smid=105,2015-09-01,253875,186849,2303513,11,8.1
2015-16,2015,October,10,Table 55: Notional Value of Offshore Derivative Instruments vs Assets Under Custody of Foreign Porfolio Investors/Deemed FPIs (Amount in ₹   crore),2025-12-10,2026-04-08,Securities and Exchange Board of India,https://www.sebi.gov.in/sebiweb/home/HomeAction.do?doListing=yes&sid=4&ssid=80&smid=105,2015-10-01,258287,192630,2344179,11,8.2
2015-16,2015,November,11,Table 55: Notional Value of Offshore Derivative Instruments vs Assets Under Custody of Foreign Porfolio Investors/Deemed FPIs (Amount in ₹   crore),2025-12-10,2026-04-08,Securities and Exchange Board of India,https://www.sebi.gov.in/sebiweb/home/HomeAction.do?doListing=yes&sid=4&ssid=80&smid=105,2015-11-01,254600,191190,2308769,11,8.3
2015-16,2015,December,12,Table 55: Notional Value of Offshore Derivative Instruments vs Assets Under Custody of Foreign Porfolio Investors/Deemed FPIs (Amount in ₹   crore),2025-12-10,2026-04-08,Securities and Exchange Board of India,https://www.sebi.gov.in/sebiweb/home/HomeAction.do?doListing=yes&sid=4&ssid=80&smid=105,2015-12-01,235534,180072,2320539,10.1,7.8
2015-16,2016,January,1,Table 55: Notional Value of Offshore Derivative Instruments vs Assets Under Custody of Foreign Porfolio Investors/Deemed FPIs (Amount in ₹   crore),2025-12-10,2026-04-08,Securities and Exchange Board of India,https://www.sebi.gov.in/sebiweb/home/HomeAction.do?doListing=yes&sid=4&ssid=80&smid=105,2016-01-01,231317,171732,2200837,10.5,7.8
2015-16,2016,February,2,Table 55: Notional Value of Offshore Derivative Instruments vs Assets Under Custody of Foreign Porfolio Investors/Deemed FPIs (Amount in ₹   crore),2025-12-10,2026-04-08,Securities and Exchange Board of India,https://www.sebi.gov.in/sebiweb/home/HomeAction.do?doListing=yes&sid=4&ssid=80&smid=105,2016-02-01,217740,160946,2043139,10.7,7.9
2015-16,2016,March,3,Table 55: Notional Value of Offshore Derivative Instruments vs Assets Under Custody of Foreign Porfolio Investors/Deemed FPIs (Amount in ₹   crore),2025-12-10,2026-04-08,Securities and Exchange Board of India,https://www.sebi.gov.in/sebiweb/home/HomeAction.do?doListing=yes&sid=4&ssid=80&smid=105,2016-03-01,223077,169470,2224537,10,7.6
2016-17,2016,April,4,Table 55: Notional Value of Offshore Derivative Instruments vs Assets Under Custody of Foreign Porfolio Investors/Deemed FPIs (Amount in ₹   crore),2025-12-10,2026-04-08,Securities and Exchange Board of India,https://www.sebi.gov.in/sebiweb/home/HomeAction.do?doListing=yes&sid=4&ssid=80&smid=105,2016-04-01,212132,161280,2281346,9.3,7.1
2016-17,2016,May,5,Table 55: Notional Value of Offshore Derivative Instruments vs Assets Under Custody of Foreign Porfolio Investors/Deemed FPIs (Amount in ₹   crore),2025-12-10,2026-04-08,Securities and Exchange Board of India,https://www.sebi.gov.in/sebiweb/home/HomeAction.do?doListing=yes&sid=4&ssid=80&smid=105,2016-05-01,215338,160867,2348618,9.2,6.8
2016-17,2016,June,6,Table 55: Notional Value of Offshore Derivative Instruments vs Assets Under Custody of Foreign Porfolio Investors/Deemed FPIs (Amount in ₹   crore),2025-12-10,2026-04-08,Securities and Exchange Board of India,https://www.sebi.gov.in/sebiweb/home/HomeAction.do?doListing=yes&sid=4&ssid=80&smid=105,2016-06-01,210731,161379,2387685,8.8,6.8
2016-17,2016,July,7,Table 55: Notional Value of Offshore Derivative Instruments vs Assets Under Custody of Foreign Porfolio Investors/Deemed FPIs (Amount in ₹   crore),2025-12-10,2026-04-08,Securities and Exchange Board of India,https://www.sebi.gov.in/sebiweb/home/HomeAction.do?doListing=yes&sid=4&ssid=80&smid=105,2016-07-01,212179,162921,2514038,8.4,6.5
2016-17,2016,August,8,Table 55: Notional Value of Offshore Derivative Instruments vs Assets Under Custody of Foreign Porfolio Investors/Deemed FPIs (Amount in ₹   crore),2025-12-10,2026-04-08,Securities and Exchange Board of India,https://www.sebi.gov.in/sebiweb/home/HomeAction.do?doListing=yes&sid=4&ssid=80&smid=105,2016-08-01,216232,158848,2565304,8.4,6.2
2016-17,2016,September,9,Table 55: Notional Value of Offshore Derivative Instruments vs Assets Under Custody of Foreign Porfolio Investors/Deemed FPIs (Amount in ₹   crore),2025-12-10,2026-04-08,Securities and Exchange Board of India,https://www.sebi.gov.in/sebiweb/home/HomeAction.do?doListing=yes&sid=4&ssid=80&smid=105,2016-09-01,212509,152624,2556450,8.3,6
2016-17,2016,October,10,Table 55: Notional Value of Offshore Derivative Instruments vs Assets Under Custody of Foreign Porfolio Investors/Deemed FPIs (Amount in ₹   crore),2025-12-10,2026-04-08,Securities and Exchange Board of India,https://www.sebi.gov.in/sebiweb/home/HomeAction.do?doListing=yes&sid=4&ssid=80&smid=105,2016-10-01,199987,143235,2577073,7.8,5.6
2016-17,2016,November,11,Table 55: Notional Value of Offshore Derivative Instruments vs Assets Under Custody of Foreign Porfolio Investors/Deemed FPIs (Amount in ₹   crore),2025-12-10,2026-04-08,Securities and Exchange Board of India,https://www.sebi.gov.in/sebiweb/home/HomeAction.do?doListing=yes&sid=4&ssid=80&smid=105,2016-11-01,179648,126596,2409042,7.5,5.3
2016-17,2016,December,12,Table 55: Notional Value of Offshore Derivative Instruments vs Assets Under Custody of Foreign Porfolio Investors/Deemed FPIs (Amount in ₹   crore),2025-12-10,2026-04-08,Securities and Exchange Board of India,https://www.sebi.gov.in/sebiweb/home/HomeAction.do?doListing=yes&sid=4&ssid=80&smid=105,2016-12-01,157306,112243,2348007,6.7,4.8
2016-17,2017,January,1,Table 55: Notional Value of Offshore Derivative Instruments vs Assets Under Custody of Foreign Porfolio Investors/Deemed FPIs (Amount in ₹   crore),2025-12-10,2026-04-08,Securities and Exchange Board of India,https://www.sebi.gov.in/sebiweb/home/HomeAction.do?doListing=yes&sid=4&ssid=80&smid=105,2017-01-01,175088,119309,2456716,7.1,4.9
2016-17,2017,February,2,Table 55: Notional Value of Offshore Derivative Instruments vs Assets Under Custody of Foreign Porfolio Investors/Deemed FPIs (Amount in ₹   crore),2025-12-10,2026-04-08,Securities and Exchange Board of India,https://www.sebi.gov.in/sebiweb/home/HomeAction.do?doListing=yes&sid=4&ssid=80&smid=105,2017-02-01,170191,115413,2563431,6.6,4.5
2016-17,2017,March,3,Table 55: Notional Value of Offshore Derivative Instruments vs Assets Under Custody of Foreign Porfolio Investors/Deemed FPIs (Amount in ₹   crore),2025-12-10,2026-04-08,Securities and Exchange Board of India,https://www.sebi.gov.in/sebiweb/home/HomeAction.do?doListing=yes&sid=4&ssid=80&smid=105,2017-03-01,178437,124277,2705729,6.6,4.6
2017-18,2017,April,4,Table 55: Notional Value of Offshore Derivative Instruments vs Assets Under Custody of Foreign Porfolio Investors/Deemed FPIs (Amount in ₹   crore),2025-12-10,2026-04-08,Securities and Exchange Board of India,https://www.sebi.gov.in/sebiweb/home/HomeAction.do?doListing=yes&sid=4&ssid=80&smid=105,2017-04-01,168545,128380,2786083,6,4.6
2017-18,2017,May,5,Table 55: Notional Value of Offshore Derivative Instruments vs Assets Under Custody of Foreign Porfolio Investors/Deemed FPIs (Amount in ₹   crore),2025-12-10,2026-04-08,Securities and Exchange Board of India,https://www.sebi.gov.in/sebiweb/home/HomeAction.do?doListing=yes&sid=4&ssid=80&smid=105,2017-05-01,180718,133045,2856637,6.3,4.7
2017-18,2017,June,6,Table 55: Notional Value of Offshore Derivative Instruments vs Assets Under Custody of Foreign Porfolio Investors/Deemed FPIs (Amount in ₹   crore),2025-12-10,2026-04-08,Securities and Exchange Board of India,https://www.sebi.gov.in/sebiweb/home/HomeAction.do?doListing=yes&sid=4&ssid=80&smid=105,2017-06-01,165241,132785,2883104,5.7,4.6
2017-18,2017,July,7,Table 55: Notional Value of Offshore Derivative Instruments vs Assets Under Custody of Foreign Porfolio Investors/Deemed FPIs (Amount in ₹   crore),2025-12-10,2026-04-08,Securities and Exchange Board of India,https://www.sebi.gov.in/sebiweb/home/HomeAction.do?doListing=yes&sid=4&ssid=80&smid=105,2017-07-01,135297,127075,3055984,4.4,4.2
2017-18,2017,August,8,Table 55: Notional Value of Offshore Derivative Instruments vs Assets Under Custody of Foreign Porfolio Investors/Deemed FPIs (Amount in ₹   crore),2025-12-10,2026-04-08,Securities and Exchange Board of India,https://www.sebi.gov.in/sebiweb/home/HomeAction.do?doListing=yes&sid=4&ssid=80&smid=105,2017-08-01,125037,116393,3035509,4.1,3.8
2017-18,2017,September,9,Table 55: Notional Value of Offshore Derivative Instruments vs Assets Under Custody of Foreign Porfolio Investors/Deemed FPIs (Amount in ₹   crore),2025-12-10,2026-04-08,Securities and Exchange Board of India,https://www.sebi.gov.in/sebiweb/home/HomeAction.do?doListing=yes&sid=4&ssid=80&smid=105,2017-09-01,122684,113706,3003476,4.1,3.8
2017-18,2017,October,10,Table 55: Notional Value of Offshore Derivative Instruments vs Assets Under Custody of Foreign Porfolio Investors/Deemed FPIs (Amount in ₹   crore),2025-12-10,2026-04-08,Securities and Exchange Board of India,https://www.sebi.gov.in/sebiweb/home/HomeAction.do?doListing=yes&sid=4&ssid=80&smid=105,2017-10-01,131006,120629,3170194,4.1,3.8
2017-18,2017,November,11,Table 55: Notional Value of Offshore Derivative Instruments vs Assets Under Custody of Foreign Porfolio Investors/Deemed FPIs (Amount in ₹   crore),2025-12-10,2026-04-08,Securities and Exchange Board of India,https://www.sebi.gov.in/sebiweb/home/HomeAction.do?doListing=yes&sid=4&ssid=80&smid=105,2017-11-01,128639,123567,3188354,4,3.9
2017-18,2017,December,12,Table 55: Notional Value of Offshore Derivative Instruments vs Assets Under Custody of Foreign Porfolio Investors/Deemed FPIs (Amount in ₹   crore),2025-12-10,2026-04-08,Securities and Exchange Board of India,https://www.sebi.gov.in/sebiweb/home/HomeAction.do?doListing=yes&sid=4&ssid=80&smid=105,2017-12-01,124810,121820,3280283,3.8,3.7
2017-18,2018,January,1,Table 55: Notional Value of Offshore Derivative Instruments vs Assets Under Custody of Foreign Porfolio Investors/Deemed FPIs (Amount in ₹   crore),2025-12-10,2026-04-08,Securities and Exchange Board of India,https://www.sebi.gov.in/sebiweb/home/HomeAction.do?doListing=yes&sid=4&ssid=80&smid=105,2018-01-01,119556,116472,3381677,3.5,3.4
2017-18,2018,February,2,Table 55: Notional Value of Offshore Derivative Instruments vs Assets Under Custody of Foreign Porfolio Investors/Deemed FPIs (Amount in ₹   crore),2025-12-10,2026-04-08,Securities and Exchange Board of India,https://www.sebi.gov.in/sebiweb/home/HomeAction.do?doListing=yes&sid=4&ssid=80&smid=105,2018-02-01,106760,105137,3241324,3.3,3.2
2017-18,2018,March,3,Table 55: Notional Value of Offshore Derivative Instruments vs Assets Under Custody of Foreign Porfolio Investors/Deemed FPIs (Amount in ₹   crore),2025-12-10,2026-04-08,Securities and Exchange Board of India,https://www.sebi.gov.in/sebiweb/home/HomeAction.do?doListing=yes&sid=4&ssid=80&smid=105,2018-03-01,106403,102726,3148349,3.4,3.3
2018-19,2018,April,4,Table 55: Notional Value of Offshore Derivative Instruments vs Assets Under Custody of Foreign Porfolio Investors/Deemed FPIs (Amount in ₹   crore),2025-12-10,2026-04-08,Securities and Exchange Board of India,https://www.sebi.gov.in/sebiweb/home/HomeAction.do?doListing=yes&sid=4&ssid=80&smid=105,2018-04-01,100245,99595,3319175,3,3
2018-19,2018,May,5,Table 55: Notional Value of Offshore Derivative Instruments vs Assets Under Custody of Foreign Porfolio Investors/Deemed FPIs (Amount in ₹   crore),2025-12-10,2026-04-08,Securities and Exchange Board of India,https://www.sebi.gov.in/sebiweb/home/HomeAction.do?doListing=yes&sid=4&ssid=80&smid=105,2018-05-01,93497,89974,3177685,2.9,2.8
2018-19,2018,June,6,Table 55: Notional Value of Offshore Derivative Instruments vs Assets Under Custody of Foreign Porfolio Investors/Deemed FPIs (Amount in ₹   crore),2025-12-10,2026-04-08,Securities and Exchange Board of India,https://www.sebi.gov.in/sebiweb/home/HomeAction.do?doListing=yes&sid=4&ssid=80&smid=105,2018-06-01,83688,80279,3188252,2.6,2.5
2018-19,2018,July,7,Table 55: Notional Value of Offshore Derivative Instruments vs Assets Under Custody of Foreign Porfolio Investors/Deemed FPIs (Amount in ₹   crore),2025-12-10,2026-04-08,Securities and Exchange Board of India,https://www.sebi.gov.in/sebiweb/home/HomeAction.do?doListing=yes&sid=4&ssid=80&smid=105,2018-07-01,80341,76769,3334518,2.4,2.3
2018-19,2018,August,8,Table 55: Notional Value of Offshore Derivative Instruments vs Assets Under Custody of Foreign Porfolio Investors/Deemed FPIs (Amount in ₹   crore),2025-12-10,2026-04-08,Securities and Exchange Board of India,https://www.sebi.gov.in/sebiweb/home/HomeAction.do?doListing=yes&sid=4&ssid=80&smid=105,2018-08-01,84647,80882,3431511,2.5,2.4
2018-19,2018,September,9,Table 55: Notional Value of Offshore Derivative Instruments vs Assets Under Custody of Foreign Porfolio Investors/Deemed FPIs (Amount in ₹   crore),2025-12-10,2026-04-08,Securities and Exchange Board of India,https://www.sebi.gov.in/sebiweb/home/HomeAction.do?doListing=yes&sid=4&ssid=80&smid=105,2018-09-01,79548,75641,3138334,2.5,2.4
2018-19,2018,October,10,Table 55: Notional Value of Offshore Derivative Instruments vs Assets Under Custody of Foreign Porfolio Investors/Deemed FPIs (Amount in ₹   crore),2025-12-10,2026-04-08,Securities and Exchange Board of India,https://www.sebi.gov.in/sebiweb/home/HomeAction.do?doListing=yes&sid=4&ssid=80&smid=105,2018-10-01,66587,65147,2982324,2.2,2.2
2018-19,2018,November,11,Table 55: Notional Value of Offshore Derivative Instruments vs Assets Under Custody of Foreign Porfolio Investors/Deemed FPIs (Amount in ₹   crore),2025-12-10,2026-04-08,Securities and Exchange Board of India,https://www.sebi.gov.in/sebiweb/home/HomeAction.do?doListing=yes&sid=4&ssid=80&smid=105,2018-11-01,79247,78015,3108886,2.5,2.5
2018-19,2018,December,12,Table 55: Notional Value of Offshore Derivative Instruments vs Assets Under Custody of Foreign Porfolio Investors/Deemed FPIs (Amount in ₹   crore),2025-12-10,2026-04-08,Securities and Exchange Board of India,https://www.sebi.gov.in/sebiweb/home/HomeAction.do?doListing=yes&sid=4&ssid=80&smid=105,2018-12-01,79513,78558,3138205,2.5,2.5
2018-19,2019,January,1,Table 55: Notional Value of Offshore Derivative Instruments vs Assets Under Custody of Foreign Porfolio Investors/Deemed FPIs (Amount in ₹   crore),2025-12-10,2026-04-08,Securities and Exchange Board of India,https://www.sebi.gov.in/sebiweb/home/HomeAction.do?doListing=yes&sid=4&ssid=80&smid=105,2019-01-01,75693,74866,3090508,2.4,2.4
2018-19,2019,February,2,Table 55: Notional Value of Offshore Derivative Instruments vs Assets Under Custody of Foreign Porfolio Investors/Deemed FPIs (Amount in ₹   crore),2025-12-10,2026-04-08,Securities and Exchange Board of India,https://www.sebi.gov.in/sebiweb/home/HomeAction.do?doListing=yes&sid=4&ssid=80&smid=105,2019-02-01,73428,73319,3089602,2.4,2.4
2018-19,2019,March,3,Table 55: Notional Value of Offshore Derivative Instruments vs Assets Under Custody of Foreign Porfolio Investors/Deemed FPIs (Amount in ₹   crore),2025-12-10,2026-04-08,Securities and Exchange Board of India,https://www.sebi.gov.in/sebiweb/home/HomeAction.do?doListing=yes&sid=4&ssid=80&smid=105,2019-03-01,78110,77287,3342680,2.3,2.3
2019-20,2019,April,4,Table 55: Notional Value of Offshore Derivative Instruments vs Assets Under Custody of Foreign Porfolio Investors/Deemed FPIs (Amount in ₹   crore),2025-12-10,2026-04-08,Securities and Exchange Board of India,https://www.sebi.gov.in/sebiweb/home/HomeAction.do?doListing=yes&sid=4&ssid=80&smid=105,2019-04-01,81220,80362,3355045,2.4,2.4
2019-20,2019,May,5,Table 55: Notional Value of Offshore Derivative Instruments vs Assets Under Custody of Foreign Porfolio Investors/Deemed FPIs (Amount in ₹   crore),2025-12-10,2026-04-08,Securities and Exchange Board of India,https://www.sebi.gov.in/sebiweb/home/HomeAction.do?doListing=yes&sid=4&ssid=80&smid=105,2019-05-01,82619,82426,3417679,2.4,2.4
2019-20,2019,June,6,Table 55: Notional Value of Offshore Derivative Instruments vs Assets Under Custody of Foreign Porfolio Investors/Deemed FPIs (Amount in ₹   crore),2025-12-10,2026-04-08,Securities and Exchange Board of India,https://www.sebi.gov.in/sebiweb/home/HomeAction.do?doListing=yes&sid=4&ssid=80&smid=105,2019-06-01,81913,81092,3381730,2.4,2.4
2019-20,2019,July,7,Table 55: Notional Value of Offshore Derivative Instruments vs Assets Under Custody of Foreign Porfolio Investors/Deemed FPIs (Amount in ₹   crore),2025-12-10,2026-04-08,Securities and Exchange Board of India,https://www.sebi.gov.in/sebiweb/home/HomeAction.do?doListing=yes&sid=4&ssid=80&smid=105,2019-07-01,81082,80324,3203385,2.5,2.5
2019-20,2019,August,8,Table 55: Notional Value of Offshore Derivative Instruments vs Assets Under Custody of Foreign Porfolio Investors/Deemed FPIs (Amount in ₹   crore),2025-12-10,2026-04-08,Securities and Exchange Board of India,https://www.sebi.gov.in/sebiweb/home/HomeAction.do?doListing=yes&sid=4&ssid=80&smid=105,2019-08-01,79088,78409,3198329,2.5,2.5
2019-20,2019,September,9,Table 55: Notional Value of Offshore Derivative Instruments vs Assets Under Custody of Foreign Porfolio Investors/Deemed FPIs (Amount in ₹   crore),2025-12-10,2026-04-08,Securities and Exchange Board of India,https://www.sebi.gov.in/sebiweb/home/HomeAction.do?doListing=yes&sid=4&ssid=80&smid=105,2019-09-01,76611,75916,3291703,2.3,2.3
2019-20,2019,October,10,Table 55: Notional Value of Offshore Derivative Instruments vs Assets Under Custody of Foreign Porfolio Investors/Deemed FPIs (Amount in ₹   crore),2025-12-10,2026-04-08,Securities and Exchange Board of India,https://www.sebi.gov.in/sebiweb/home/HomeAction.do?doListing=yes&sid=4&ssid=80&smid=105,2019-10-01,76773,76069,3410517,2.3,2.2
2019-20,2019,November,11,Table 55: Notional Value of Offshore Derivative Instruments vs Assets Under Custody of Foreign Porfolio Investors/Deemed FPIs (Amount in ₹   crore),2025-12-10,2026-04-08,Securities and Exchange Board of India,https://www.sebi.gov.in/sebiweb/home/HomeAction.do?doListing=yes&sid=4&ssid=80&smid=105,2019-11-01,69670,68987,3488850,2,2
2019-20,2019,December,12,Table 55: Notional Value of Offshore Derivative Instruments vs Assets Under Custody of Foreign Porfolio Investors/Deemed FPIs (Amount in ₹   crore),2025-12-10,2026-04-08,Securities and Exchange Board of India,https://www.sebi.gov.in/sebiweb/home/HomeAction.do?doListing=yes&sid=4&ssid=80&smid=105,2019-12-01,64537,63901,3516471,1.84,1.82
2019-20,2020,January,1,Table 55: Notional Value of Offshore Derivative Instruments vs Assets Under Custody of Foreign Porfolio Investors/Deemed FPIs (Amount in ₹   crore),2025-12-10,2026-04-08,Securities and Exchange Board of India,https://www.sebi.gov.in/sebiweb/home/HomeAction.do?doListing=yes&sid=4&ssid=80&smid=105,2020-01-01,67281.47447879695,66665,3500234,1.9221993294961695,1.904586950472454
2019-20,2020,February,2,Table 55: Notional Value of Offshore Derivative Instruments vs Assets Under Custody of Foreign Porfolio Investors/Deemed FPIs (Amount in ₹   crore),2025-12-10,2026-04-08,Securities and Exchange Board of India,https://www.sebi.gov.in/sebiweb/home/HomeAction.do?doListing=yes&sid=4&ssid=80&smid=105,2020-02-01,68862,68719,3317414,2.075773478980917,2.071462892481915
2019-20,2020,March,3,Table 55: Notional Value of Offshore Derivative Instruments vs Assets Under Custody of Foreign Porfolio Investors/Deemed FPIs (Amount in ₹   crore),2025-12-10,2026-04-08,Securities and Exchange Board of India,https://www.sebi.gov.in/sebiweb/home/HomeAction.do?doListing=yes&sid=4&ssid=80&smid=105,2020-03-01,48006.39827033391,47852,2490223,1.9277951520941663,1.9215949736228441
2020-21,2020,April,4,Table 55: Notional Value of Offshore Derivative Instruments vs Assets Under Custody of Foreign Porfolio Investors/Deemed FPIs (Amount in ₹   crore),2025-12-10,2026-04-08,Securities and Exchange Board of India,https://www.sebi.gov.in/sebiweb/home/HomeAction.do?doListing=yes&sid=4&ssid=80&smid=105,2020-04-01,57100,56923,2819841,2.02493686700775,2.0186599173499498
2020-21,2020,May,5,Table 55: Notional Value of Offshore Derivative Instruments vs Assets Under Custody of Foreign Porfolio Investors/Deemed FPIs (Amount in ₹   crore),2025-12-10,2026-04-08,Securities and Exchange Board of India,https://www.sebi.gov.in/sebiweb/home/HomeAction.do?doListing=yes&sid=4&ssid=80&smid=105,2020-05-01,60027,59869,2743734,2.1877849674932044,2.1820263917712137
2020-21,2020,June,6,Table 55: Notional Value of Offshore Derivative Instruments vs Assets Under Custody of Foreign Porfolio Investors/Deemed FPIs (Amount in ₹   crore),2025-12-10,2026-04-08,Securities and Exchange Board of India,https://www.sebi.gov.in/sebiweb/home/HomeAction.do?doListing=yes&sid=4&ssid=80&smid=105,2020-06-01,62137.9317945779,61974.28208635369,2979826,2.0852872548456824,2.0797953332293124
2020-21,2020,July,7,Table 55: Notional Value of Offshore Derivative Instruments vs Assets Under Custody of Foreign Porfolio Investors/Deemed FPIs (Amount in ₹   crore),2025-12-10,2026-04-08,Securities and Exchange Board of India,https://www.sebi.gov.in/sebiweb/home/HomeAction.do?doListing=yes&sid=4&ssid=80&smid=105,2020-07-01,63228,63035,3167785,1.995968792073957,1.9898762068764138
2020-21,2020,August,8,Table 55: Notional Value of Offshore Derivative Instruments vs Assets Under Custody of Foreign Porfolio Investors/Deemed FPIs (Amount in ₹   crore),2025-12-10,2026-04-08,Securities and Exchange Board of India,https://www.sebi.gov.in/sebiweb/home/HomeAction.do?doListing=yes&sid=4&ssid=80&smid=105,2020-08-01,74027.29705152169,73826,3317805,2.2312130173871485,2.2251458419045123
2020-21,2020,September,9,Table 55: Notional Value of Offshore Derivative Instruments vs Assets Under Custody of Foreign Porfolio Investors/Deemed FPIs (Amount in ₹   crore),2025-12-10,2026-04-08,Securities and Exchange Board of India,https://www.sebi.gov.in/sebiweb/home/HomeAction.do?doListing=yes&sid=4&ssid=80&smid=105,2020-09-01,69820.57274764583,69820.57274764583,3322393,2.101514563377837,2.101514563377837
2020-21,2020,October,10,Table 55: Notional Value of Offshore Derivative Instruments vs Assets Under Custody of Foreign Porfolio Investors/Deemed FPIs (Amount in ₹   crore),2025-12-10,2026-04-08,Securities and Exchange Board of India,https://www.sebi.gov.in/sebiweb/home/HomeAction.do?doListing=yes&sid=4&ssid=80&smid=105,2020-10-01,78686.40326910582,78686.40326910582,3436258,2.2898863609515296,2.2898863609515296
2020-21,2020,November,11,Table 55: Notional Value of Offshore Derivative Instruments vs Assets Under Custody of Foreign Porfolio Investors/Deemed FPIs (Amount in ₹   crore),2025-12-10,2026-04-08,Securities and Exchange Board of India,https://www.sebi.gov.in/sebiweb/home/HomeAction.do?doListing=yes&sid=4&ssid=80&smid=105,2020-11-01,83114,83114,3850843,2.1583326040557873,2.1583326040557873
2020-21,2020,December,12,Table 55: Notional Value of Offshore Derivative Instruments vs Assets Under Custody of Foreign Porfolio Investors/Deemed FPIs (Amount in ₹   crore),2025-12-10,2026-04-08,Securities and Exchange Board of India,https://www.sebi.gov.in/sebiweb/home/HomeAction.do?doListing=yes&sid=4&ssid=80&smid=105,2020-12-01,87132.41962339167,87132.41962339167,4182214,2.083404140089237,2.083404140089237
2020-21,2021,January,1,Table 55: Notional Value of Offshore Derivative Instruments vs Assets Under Custody of Foreign Porfolio Investors/Deemed FPIs (Amount in ₹   crore),2025-12-10,2026-04-08,Securities and Exchange Board of India,https://www.sebi.gov.in/sebiweb/home/HomeAction.do?doListing=yes&sid=4&ssid=80&smid=105,2021-01-01,84976.37794486036,84976.37794486036,4115463,2.064807239060596,2.064807239060596
2020-21,2021,February,2,Table 55: Notional Value of Offshore Derivative Instruments vs Assets Under Custody of Foreign Porfolio Investors/Deemed FPIs (Amount in ₹   crore),2025-12-10,2026-04-08,Securities and Exchange Board of India,https://www.sebi.gov.in/sebiweb/home/HomeAction.do?doListing=yes&sid=4&ssid=80&smid=105,2021-02-01,91657.53974793565,91657.53974793565,4406706,2.079955861542287,2.079955861542287
2020-21,2021,March,3,Table 55: Notional Value of Offshore Derivative Instruments vs Assets Under Custody of Foreign Porfolio Investors/Deemed FPIs (Amount in ₹   crore),2025-12-10,2026-04-08,Securities and Exchange Board of India,https://www.sebi.gov.in/sebiweb/home/HomeAction.do?doListing=yes&sid=4&ssid=80&smid=105,2021-03-01,89100.31,89100.31,4462903,1.9964653052060508,1.9964653052060508
2021-22,2021,April,4,Table 55: Notional Value of Offshore Derivative Instruments vs Assets Under Custody of Foreign Porfolio Investors/Deemed FPIs (Amount in ₹   crore),2025-12-10,2026-04-08,Securities and Exchange Board of India,https://www.sebi.gov.in/sebiweb/home/HomeAction.do?doListing=yes&sid=4&ssid=80&smid=105,2021-04-01,88446.73952049887,88446.73952049887,4453910,1.9858223340951855,1.9858223340951855
2021-22,2021,May,5,Table 55: Notional Value of Offshore Derivative Instruments vs Assets Under Custody of Foreign Porfolio Investors/Deemed FPIs (Amount in ₹   crore),2025-12-10,2026-04-08,Securities and Exchange Board of India,https://www.sebi.gov.in/sebiweb/home/HomeAction.do?doListing=yes&sid=4&ssid=80&smid=105,2021-05-01,89742.71147906731,89742.71147906731,4725719,1.8990276713250895,1.8990276713250895
2021-22,2021,June,6,Table 55: Notional Value of Offshore Derivative Instruments vs Assets Under Custody of Foreign Porfolio Investors/Deemed FPIs (Amount in ₹   crore),2025-12-10,2026-04-08,Securities and Exchange Board of India,https://www.sebi.gov.in/sebiweb/home/HomeAction.do?doListing=yes&sid=4&ssid=80&smid=105,2021-06-01,92261.17455465178,92252.68545865176,4799716,1.9222215346627132,1.922044668031437
2021-22,2021,July,7,Table 55: Notional Value of Offshore Derivative Instruments vs Assets Under Custody of Foreign Porfolio Investors/Deemed FPIs (Amount in ₹   crore),2025-12-10,2026-04-08,Securities and Exchange Board of India,https://www.sebi.gov.in/sebiweb/home/HomeAction.do?doListing=yes&sid=4&ssid=80&smid=105,2021-07-01,85799,85799,4836007,1.77,1.7667684042300595
2021-22,2021,August,8,Table 55: Notional Value of Offshore Derivative Instruments vs Assets Under Custody of Foreign Porfolio Investors/Deemed FPIs (Amount in ₹   crore),2025-12-10,2026-04-08,Securities and Exchange Board of India,https://www.sebi.gov.in/sebiweb/home/HomeAction.do?doListing=yes&sid=4&ssid=80&smid=105,2021-08-01,97744.33230953327,97744.33230953327,5199465,1.88,1.8738456781555284
2021-22,2021,September,9,Table 55: Notional Value of Offshore Derivative Instruments vs Assets Under Custody of Foreign Porfolio Investors/Deemed FPIs (Amount in ₹   crore),2025-12-10,2026-04-08,Securities and Exchange Board of India,https://www.sebi.gov.in/sebiweb/home/HomeAction.do?doListing=yes&sid=4&ssid=80&smid=105,2021-09-01,97750.95998370592,97683,5371288,1.82,1.82
2021-22,2021,October,10,Table 55: Notional Value of Offshore Derivative Instruments vs Assets Under Custody of Foreign Porfolio Investors/Deemed FPIs (Amount in ₹   crore),2025-12-10,2026-04-08,Securities and Exchange Board of India,https://www.sebi.gov.in/sebiweb/home/HomeAction.do?doListing=yes&sid=4&ssid=80&smid=105,2021-10-01,102552.86925748565,102552.86925748565,5360300,1.9131927178979844,1.9131927178979844
2021-22,2021,November,11,Table 55: Notional Value of Offshore Derivative Instruments vs Assets Under Custody of Foreign Porfolio Investors/Deemed FPIs (Amount in ₹   crore),2025-12-10,2026-04-08,Securities and Exchange Board of India,https://www.sebi.gov.in/sebiweb/home/HomeAction.do?doListing=yes&sid=4&ssid=80&smid=105,2021-11-01,94825.69156059457,94825.69156059457,5223798,1.82,1.82
2021-22,2021,December,12,Table 55: Notional Value of Offshore Derivative Instruments vs Assets Under Custody of Foreign Porfolio Investors/Deemed FPIs (Amount in ₹   crore),2025-12-10,2026-04-08,Securities and Exchange Board of India,https://www.sebi.gov.in/sebiweb/home/HomeAction.do?doListing=yes&sid=4&ssid=80&smid=105,2021-12-01,95501,95501,5272593,1.8,1.8
2021-22,2022,January,1,Table 55: Notional Value of Offshore Derivative Instruments vs Assets Under Custody of Foreign Porfolio Investors/Deemed FPIs (Amount in ₹   crore),2025-12-10,2026-04-08,Securities and Exchange Board of India,https://www.sebi.gov.in/sebiweb/home/HomeAction.do?doListing=yes&sid=4&ssid=80&smid=105,2022-01-01,87989,87989,5212114,1.69,1.69
2021-22,2022,February,2,Table 55: Notional Value of Offshore Derivative Instruments vs Assets Under Custody of Foreign Porfolio Investors/Deemed FPIs (Amount in ₹   crore),2025-12-10,2026-04-08,Securities and Exchange Board of India,https://www.sebi.gov.in/sebiweb/home/HomeAction.do?doListing=yes&sid=4&ssid=80&smid=105,2022-02-01,89143,89143,4974869,1.79,1.79
2021-22,2022,March,3,Table 55: Notional Value of Offshore Derivative Instruments vs Assets Under Custody of Foreign Porfolio Investors/Deemed FPIs (Amount in ₹   crore),2025-12-10,2026-04-08,Securities and Exchange Board of India,https://www.sebi.gov.in/sebiweb/home/HomeAction.do?doListing=yes&sid=4&ssid=80&smid=105,2022-03-01,87979,87979,5097012,1.73,1.73
2022-23,2022,April,4,Table 55: Notional Value of Offshore Derivative Instruments vs Assets Under Custody of Foreign Porfolio Investors/Deemed FPIs (Amount in ₹   crore),2025-12-10,2026-04-08,Securities and Exchange Board of India,https://www.sebi.gov.in/sebiweb/home/HomeAction.do?doListing=yes&sid=4&ssid=80&smid=105,2022-04-01,90580,90580,5074211,1.79,1.79
2022-23,2022,May,5,Table 55: Notional Value of Offshore Derivative Instruments vs Assets Under Custody of Foreign Porfolio Investors/Deemed FPIs (Amount in ₹   crore),2025-12-10,2026-04-08,Securities and Exchange Board of India,https://www.sebi.gov.in/sebiweb/home/HomeAction.do?doListing=yes&sid=4&ssid=80&smid=105,2022-05-01,86706,86706,4823001,1.8,1.8
2022-23,2022,June,6,Table 55: Notional Value of Offshore Derivative Instruments vs Assets Under Custody of Foreign Porfolio Investors/Deemed FPIs (Amount in ₹   crore),2025-12-10,2026-04-08,Securities and Exchange Board of India,https://www.sebi.gov.in/sebiweb/home/HomeAction.do?doListing=yes&sid=4&ssid=80&smid=105,2022-06-01,80092,80092,4542305,1.76,1.76
2022-23,2022,July,7,Table 55: Notional Value of Offshore Derivative Instruments vs Assets Under Custody of Foreign Porfolio Investors/Deemed FPIs (Amount in ₹   crore),2025-12-10,2026-04-08,Securities and Exchange Board of India,https://www.sebi.gov.in/sebiweb/home/HomeAction.do?doListing=yes&sid=4&ssid=80&smid=105,2022-07-01,75725,75725,4913160,1.54,1.54
2022-23,2022,August,8,Table 55: Notional Value of Offshore Derivative Instruments vs Assets Under Custody of Foreign Porfolio Investors/Deemed FPIs (Amount in ₹   crore),2025-12-10,2026-04-08,Securities and Exchange Board of India,https://www.sebi.gov.in/sebiweb/home/HomeAction.do?doListing=yes&sid=4&ssid=80&smid=105,2022-08-01,84810,84810,5209180,1.63,1.63
2022-23,2022,September,9,Table 55: Notional Value of Offshore Derivative Instruments vs Assets Under Custody of Foreign Porfolio Investors/Deemed FPIs (Amount in ₹   crore),2025-12-10,2026-04-08,Securities and Exchange Board of India,https://www.sebi.gov.in/sebiweb/home/HomeAction.do?doListing=yes&sid=4&ssid=80&smid=105,2022-09-01,88813,88813,5029638,1.77,1.77
2022-23,2022,October,10,Table 55: Notional Value of Offshore Derivative Instruments vs Assets Under Custody of Foreign Porfolio Investors/Deemed FPIs (Amount in ₹   crore),2025-12-10,2026-04-08,Securities and Exchange Board of India,https://www.sebi.gov.in/sebiweb/home/HomeAction.do?doListing=yes&sid=4&ssid=80&smid=105,2022-10-01,97784,97784,5212333,1.88,1.88
2022-23,2022,November,11,Table 55: Notional Value of Offshore Derivative Instruments vs Assets Under Custody of Foreign Porfolio Investors/Deemed FPIs (Amount in ₹   crore),2025-12-10,2026-04-08,Securities and Exchange Board of India,https://www.sebi.gov.in/sebiweb/home/HomeAction.do?doListing=yes&sid=4&ssid=80&smid=105,2022-11-01,99335,99335,5398303,1.84,1.84
2022-23,2022,December,12,Table 55: Notional Value of Offshore Derivative Instruments vs Assets Under Custody of Foreign Porfolio Investors/Deemed FPIs (Amount in ₹   crore),2025-12-10,2026-04-08,Securities and Exchange Board of India,https://www.sebi.gov.in/sebiweb/home/HomeAction.do?doListing=yes&sid=4&ssid=80&smid=105,2022-12-01,96292,96292,5245010,1.84,1.84
2022-23,2023,January,1,Table 55: Notional Value of Offshore Derivative Instruments vs Assets Under Custody of Foreign Porfolio Investors/Deemed FPIs (Amount in ₹   crore),2025-12-10,2026-04-08,Securities and Exchange Board of India,https://www.sebi.gov.in/sebiweb/home/HomeAction.do?doListing=yes&sid=4&ssid=80&smid=105,2023-01-01,91469,91469,5013735,1.8243684598408174,1.8243684598408174
2022-23,2023,February,2,Table 55: Notional Value of Offshore Derivative Instruments vs Assets Under Custody of Foreign Porfolio Investors/Deemed FPIs (Amount in ₹   crore),2025-12-10,2026-04-08,Securities and Exchange Board of India,https://www.sebi.gov.in/sebiweb/home/HomeAction.do?doListing=yes&sid=4&ssid=80&smid=105,2023-02-01,88398,88398,4832772,1.8291365700678617,1.8291365700678617
2022-23,2023,March,3,Table 55: Notional Value of Offshore Derivative Instruments vs Assets Under Custody of Foreign Porfolio Investors/Deemed FPIs (Amount in ₹   crore),2025-12-10,2026-04-08,Securities and Exchange Board of India,https://www.sebi.gov.in/sebiweb/home/HomeAction.do?doListing=yes&sid=4&ssid=80&smid=105,2023-03-01,88600,88600,4870792,1.8190060261247043,1.8190060261247043
2023-24,2023,April,4,Table 55: Notional Value of Offshore Derivative Instruments vs Assets Under Custody of Foreign Porfolio Investors/Deemed FPIs (Amount in ₹   crore),2025-12-10,2026-04-08,Securities and Exchange Board of India,https://www.sebi.gov.in/sebiweb/home/HomeAction.do?doListing=yes&sid=4&ssid=80&smid=105,2023-04-01,95911,95911,5084725,1.8862573688842563,1.8862573688842563
2023-24,2023,May,5,Table 55: Notional Value of Offshore Derivative Instruments vs Assets Under Custody of Foreign Porfolio Investors/Deemed FPIs (Amount in ₹   crore),2025-12-10,2026-04-08,Securities and Exchange Board of India,https://www.sebi.gov.in/sebiweb/home/HomeAction.do?doListing=yes&sid=4&ssid=80&smid=105,2023-05-01,104585,104585,5295744,1.9748877589249025,1.9748877589249025
2023-24,2023,June,6,Table 55: Notional Value of Offshore Derivative Instruments vs Assets Under Custody of Foreign Porfolio Investors/Deemed FPIs (Amount in ₹   crore),2025-12-10,2026-04-08,Securities and Exchange Board of India,https://www.sebi.gov.in/sebiweb/home/HomeAction.do?doListing=yes&sid=4&ssid=80&smid=105,2023-06-01,113291,113286,5563382,2.0363692444631702,2.036279371073207
2023-24,2023,July,7,Table 55: Notional Value of Offshore Derivative Instruments vs Assets Under Custody of Foreign Porfolio Investors/Deemed FPIs (Amount in ₹   crore),2025-12-10,2026-04-08,Securities and Exchange Board of India,https://www.sebi.gov.in/sebiweb/home/HomeAction.do?doListing=yes&sid=4&ssid=80&smid=105,2023-07-01,122805,122730,5753354,2.1344940707628974,2.1331904833250306
2023-24,2023,August,8,Table 55: Notional Value of Offshore Derivative Instruments vs Assets Under Custody of Foreign Porfolio Investors/Deemed FPIs (Amount in ₹   crore),2025-12-10,2026-04-08,Securities and Exchange Board of India,https://www.sebi.gov.in/sebiweb/home/HomeAction.do?doListing=yes&sid=4&ssid=80&smid=105,2023-08-01,128249,128249,5763446,2.22521387378315,2.22521387378315
2023-24,2023,September,9,Table 55: Notional Value of Offshore Derivative Instruments vs Assets Under Custody of Foreign Porfolio Investors/Deemed FPIs (Amount in ₹   crore),2025-12-10,2026-04-08,Securities and Exchange Board of India,https://www.sebi.gov.in/sebiweb/home/HomeAction.do?doListing=yes&sid=4&ssid=80&smid=105,2023-09-01,133284.24941066504,133284.24941066504,5845760,2.2800157620337655,2.2800157620337655
2023-24,2023,October,10,Table 55: Notional Value of Offshore Derivative Instruments vs Assets Under Custody of Foreign Porfolio Investors/Deemed FPIs (Amount in ₹   crore),2025-12-10,2026-04-08,Securities and Exchange Board of India,https://www.sebi.gov.in/sebiweb/home/HomeAction.do?doListing=yes&sid=4&ssid=80&smid=105,2023-10-01,126320.05697322608,126320.05697322608,5679629,2.2240899356846384,2.2240899356846384
2023-24,2023,November,11,Table 55: Notional Value of Offshore Derivative Instruments vs Assets Under Custody of Foreign Porfolio Investors/Deemed FPIs (Amount in ₹   crore),2025-12-10,2026-04-08,Securities and Exchange Board of India,https://www.sebi.gov.in/sebiweb/home/HomeAction.do?doListing=yes&sid=4&ssid=80&smid=105,2023-11-01,131663.967096328,131663.96709632766,6080067,2.165501911349464,2.1655019113494585
2023-24,2023,December,12,Table 55: Notional Value of Offshore Derivative Instruments vs Assets Under Custody of Foreign Porfolio Investors/Deemed FPIs (Amount in ₹   crore),2025-12-10,2026-04-08,Securities and Exchange Board of India,https://www.sebi.gov.in/sebiweb/home/HomeAction.do?doListing=yes&sid=4&ssid=80&smid=105,2023-12-01,149447,149447,6609378,2.261135616694945,2.261135616694945
2023-24,2024,January,1,Table 55: Notional Value of Offshore Derivative Instruments vs Assets Under Custody of Foreign Porfolio Investors/Deemed FPIs (Amount in ₹   crore),2025-12-10,2026-04-08,Securities and Exchange Board of India,https://www.sebi.gov.in/sebiweb/home/HomeAction.do?doListing=yes&sid=4&ssid=80&smid=105,2024-01-01,143010.86349560946,143010.86349560946,6696994,2.1354485832839254,2.1354485832839254
2023-24,2024,February,2,Table 55: Notional Value of Offshore Derivative Instruments vs Assets Under Custody of Foreign Porfolio Investors/Deemed FPIs (Amount in ₹   crore),2025-12-10,2026-04-08,Securities and Exchange Board of India,https://www.sebi.gov.in/sebiweb/home/HomeAction.do?doListing=yes&sid=4&ssid=80&smid=105,2024-02-01,149517,149517,6855019,2.18,2.18
2023-24,2024,March,3,Table 55: Notional Value of Offshore Derivative Instruments vs Assets Under Custody of Foreign Porfolio Investors/Deemed FPIs (Amount in ₹   crore),2025-12-10,2026-04-08,Securities and Exchange Board of India,https://www.sebi.gov.in/sebiweb/home/HomeAction.do?doListing=yes&sid=4&ssid=80&smid=105,2024-03-01,149120,149120,6953988,2.1399999999999997,2.1399999999999997
2024-25,2024,April,4,Table 55: Notional Value of Offshore Derivative Instruments vs Assets Under Custody of Foreign Porfolio Investors/Deemed FPIs (Amount in ₹   crore),2025-12-10,2026-04-08,Securities and Exchange Board of India,https://www.sebi.gov.in/sebiweb/home/HomeAction.do?doListing=yes&sid=4&ssid=80&smid=105,2024-04-30,156651,156651,7155782,2.189152771842407,2.189152771842407
2024-25,2024,May,5,Table 55: Notional Value of Offshore Derivative Instruments vs Assets Under Custody of Foreign Porfolio Investors/Deemed FPIs (Amount in ₹   crore),2025-12-10,2026-04-08,Securities and Exchange Board of India,https://www.sebi.gov.in/sebiweb/home/HomeAction.do?doListing=yes&sid=4&ssid=80&smid=105,2024-05-31,134149,134149,7187455,1.8664325550559968,1.8664325550559968
2024-25,2024,June,6,Table 55: Notional Value of Offshore Derivative Instruments vs Assets Under Custody of Foreign Porfolio Investors/Deemed FPIs (Amount in ₹   crore),2025-12-10,2026-04-08,Securities and Exchange Board of India,https://www.sebi.gov.in/sebiweb/home/HomeAction.do?doListing=yes&sid=4&ssid=80&smid=105,2024-06-30,155222,155222,7708848,2.013556370549789,2.013556370549789
2024-25,2024,July,7,Table 55: Notional Value of Offshore Derivative Instruments vs Assets Under Custody of Foreign Porfolio Investors/Deemed FPIs (Amount in ₹   crore),2025-12-10,2026-04-08,Securities and Exchange Board of India,https://www.sebi.gov.in/sebiweb/home/HomeAction.do?doListing=yes&sid=4&ssid=80&smid=105,2024-07-31,158429,158429,8038982,1.970759481735374,1.970759481735374
2024-25,2024,August,8,Table 55: Notional Value of Offshore Derivative Instruments vs Assets Under Custody of Foreign Porfolio Investors/Deemed FPIs (Amount in ₹   crore),2025-12-10,2026-04-08,Securities and Exchange Board of India,https://www.sebi.gov.in/sebiweb/home/HomeAction.do?doListing=yes&sid=4&ssid=80&smid=105,2024-08-31,167313.35182221065,167313.35182221065,8161880,2.05,2.05
2024-25,2024,September,9,Table 55: Notional Value of Offshore Derivative Instruments vs Assets Under Custody of Foreign Porfolio Investors/Deemed FPIs (Amount in ₹   crore),2025-12-10,2026-04-08,Securities and Exchange Board of India,https://www.sebi.gov.in/sebiweb/home/HomeAction.do?doListing=yes&sid=4&ssid=80&smid=105,2024-09-30,172050.70257000235,172050.70257000235,8430302,2.04,2.04
2024-25,2024,October,10,Table 55: Notional Value of Offshore Derivative Instruments vs Assets Under Custody of Foreign Porfolio Investors/Deemed FPIs (Amount in ₹   crore),2025-12-10,2026-04-08,Securities and Exchange Board of India,https://www.sebi.gov.in/sebiweb/home/HomeAction.do?doListing=yes&sid=4&ssid=80&smid=105,2024-10-31,155590,155590,7750178,2.01,2.01
2024-25,2024,November,11,Table 55: Notional Value of Offshore Derivative Instruments vs Assets Under Custody of Foreign Porfolio Investors/Deemed FPIs (Amount in ₹   crore),2025-12-10,2026-04-08,Securities and Exchange Board of India,https://www.sebi.gov.in/sebiweb/home/HomeAction.do?doListing=yes&sid=4&ssid=80&smid=105,2024-11-30,138810,138810,7828047,1.77,1.77
2024-25,2024,December,12,Table 55: Notional Value of Offshore Derivative Instruments vs Assets Under Custody of Foreign Porfolio Investors/Deemed FPIs (Amount in ₹   crore),2025-12-10,2026-04-08,Securities and Exchange Board of India,https://www.sebi.gov.in/sebiweb/home/HomeAction.do?doListing=yes&sid=4&ssid=80&smid=105,2024-12-31,144117.878192312,144117.87819231156,7763932,1.86,1.86
2024-25,2025,January,1,Table 55: Notional Value of Offshore Derivative Instruments vs Assets Under Custody of Foreign Porfolio Investors/Deemed FPIs (Amount in ₹   crore),2025-12-10,2026-04-08,Securities and Exchange Board of India,https://www.sebi.gov.in/sebiweb/home/HomeAction.do?doListing=yes&sid=4&ssid=80&smid=105,2025-01-31,123651.87997716264,123651.87997716264,7429500,1.66,1.66
2024-25,2025,February,2,Table 55: Notional Value of Offshore Derivative Instruments vs Assets Under Custody of Foreign Porfolio Investors/Deemed FPIs (Amount in ₹   crore),2025-12-10,2026-04-08,Securities and Exchange Board of India,https://www.sebi.gov.in/sebiweb/home/HomeAction.do?doListing=yes&sid=4&ssid=80&smid=105,2025-02-28,123420,123420,6895782,1.7897897584349387,1.7897897584349387
2024-25,2025,March,3,Table 55: Notional Value of Offshore Derivative Instruments vs Assets Under Custody of Foreign Porfolio Investors/Deemed FPIs (Amount in ₹   crore),2025-12-10,2026-04-08,Securities and Exchange Board of India,https://www.sebi.gov.in/sebiweb/home/HomeAction.do?doListing=yes&sid=4&ssid=80&smid=105,2025-03-31,135764,135764,7376495,1.840494706496785,1.840494706496785
